-- MySQL dump 10.13  Distrib 5.7.21, for Win64 (x86_64)
--
-- Host: localhost    Database: h3k
-- ------------------------------------------------------
-- Server version	5.7.21

/*!40101 SET @OLD_CHARACTER_SET_CLIENT=@@CHARACTER_SET_CLIENT */;
/*!40101 SET @OLD_CHARACTER_SET_RESULTS=@@CHARACTER_SET_RESULTS */;
/*!40101 SET @OLD_COLLATION_CONNECTION=@@COLLATION_CONNECTION */;
/*!40101 SET NAMES utf8 */;
/*!40103 SET @OLD_TIME_ZONE=@@TIME_ZONE */;
/*!40103 SET TIME_ZONE='+00:00' */;
/*!40014 SET @OLD_UNIQUE_CHECKS=@@UNIQUE_CHECKS, UNIQUE_CHECKS=0 */;
/*!40014 SET @OLD_FOREIGN_KEY_CHECKS=@@FOREIGN_KEY_CHECKS, FOREIGN_KEY_CHECKS=0 */;
/*!40101 SET @OLD_SQL_MODE=@@SQL_MODE, SQL_MODE='NO_AUTO_VALUE_ON_ZERO' */;
/*!40111 SET @OLD_SQL_NOTES=@@SQL_NOTES, SQL_NOTES=0 */;

--
-- Table structure for table `bcclient`
--

DROP TABLE IF EXISTS `bcclient`;
/*!40101 SET @saved_cs_client     = @@character_set_client */;
/*!40101 SET character_set_client = utf8 */;
CREATE TABLE `bcclient` (
  `id` int(11) NOT NULL AUTO_INCREMENT,
  `code` varchar(255) COLLATE utf8_unicode_ci DEFAULT NULL,
  `date` date DEFAULT NULL,
  `nbJrs` double DEFAULT NULL,
  `nbJrsR` double DEFAULT NULL,
  `id_client` int(11) DEFAULT NULL,
  `id_consultant` int(11) DEFAULT NULL,
  `updated_at` datetime DEFAULT NULL,
  `date_ceation` datetime DEFAULT NULL,
  `type` varchar(255) COLLATE utf8_unicode_ci DEFAULT NULL,
  `n_contrat` varchar(255) COLLATE utf8_unicode_ci DEFAULT NULL,
  `application` varchar(255) COLLATE utf8_unicode_ci DEFAULT NULL,
  `avenant` varchar(255) COLLATE utf8_unicode_ci DEFAULT NULL,
  PRIMARY KEY (`id`),
  KEY `IDX_3B348B21E1980276` (`id_consultant`),
  KEY `IDX_3B348B21E173B1B8` (`id_client`),
  CONSTRAINT `FK_3B348B21E173B1B8` FOREIGN KEY (`id_client`) REFERENCES `client` (`id`),
  CONSTRAINT `FK_3B348B21E1980276` FOREIGN KEY (`id_consultant`) REFERENCES `consultant` (`id`)
) ENGINE=InnoDB AUTO_INCREMENT=108 DEFAULT CHARSET=utf8 COLLATE=utf8_unicode_ci;
/*!40101 SET character_set_client = @saved_cs_client */;

--
-- Dumping data for table `bcclient`
--

LOCK TABLES `bcclient` WRITE;
/*!40000 ALTER TABLE `bcclient` DISABLE KEYS */;
INSERT INTO `bcclient` VALUES (1,NULL,NULL,NULL,-243,10,1,NULL,'2021-01-28 15:29:00',NULL,NULL,NULL,NULL),(2,NULL,NULL,NULL,-294,10,2,NULL,'2021-01-28 15:29:00',NULL,NULL,NULL,NULL),(3,NULL,NULL,NULL,-183,10,3,NULL,'2021-01-28 15:29:00',NULL,NULL,NULL,NULL),(4,NULL,NULL,NULL,NULL,10,4,NULL,'2021-01-28 15:29:00',NULL,NULL,NULL,NULL),(5,NULL,NULL,NULL,-45,10,5,NULL,'2021-01-28 15:29:00',NULL,NULL,NULL,NULL),(6,NULL,NULL,NULL,NULL,10,6,NULL,'2021-01-28 15:29:00',NULL,NULL,NULL,NULL),(7,NULL,NULL,NULL,NULL,10,7,NULL,'2021-01-28 15:29:00',NULL,NULL,NULL,NULL),(8,NULL,NULL,NULL,NULL,10,8,NULL,'2021-01-28 15:29:00',NULL,NULL,NULL,NULL),(9,NULL,NULL,NULL,NULL,10,9,NULL,'2021-01-28 15:29:00',NULL,NULL,NULL,NULL),(10,NULL,NULL,NULL,NULL,10,10,NULL,'2021-01-28 15:29:00',NULL,NULL,NULL,NULL),(11,NULL,NULL,NULL,NULL,10,11,NULL,'2021-01-28 15:29:00',NULL,NULL,NULL,NULL),(12,NULL,NULL,NULL,NULL,10,12,NULL,'2021-01-28 15:29:00',NULL,NULL,NULL,NULL),(13,NULL,NULL,NULL,NULL,10,13,NULL,'2021-01-28 15:29:00',NULL,NULL,NULL,NULL),(14,NULL,NULL,NULL,NULL,10,14,NULL,'2021-01-28 15:29:00',NULL,NULL,NULL,NULL),(15,NULL,NULL,NULL,-79,10,15,NULL,'2021-01-28 15:29:00',NULL,NULL,NULL,NULL),(16,NULL,NULL,NULL,NULL,10,16,NULL,'2021-01-28 15:29:00',NULL,NULL,NULL,NULL),(17,NULL,NULL,NULL,NULL,10,17,NULL,'2021-01-28 15:29:00',NULL,NULL,NULL,NULL),(18,NULL,NULL,NULL,NULL,10,18,NULL,'2021-01-28 15:29:00',NULL,NULL,NULL,NULL),(19,NULL,NULL,NULL,-75,10,19,NULL,'2021-01-28 15:29:00',NULL,NULL,NULL,NULL),(20,NULL,NULL,NULL,NULL,10,20,NULL,'2021-01-28 15:29:00',NULL,NULL,NULL,NULL),(21,NULL,NULL,NULL,NULL,10,21,NULL,'2021-01-28 15:29:00',NULL,NULL,NULL,NULL),(22,NULL,NULL,NULL,NULL,10,22,NULL,'2021-01-28 15:29:00',NULL,NULL,NULL,NULL),(23,NULL,NULL,NULL,NULL,10,23,NULL,'2021-01-28 15:29:00',NULL,NULL,NULL,NULL),(24,NULL,NULL,NULL,NULL,10,24,NULL,'2021-01-28 15:29:00',NULL,NULL,NULL,NULL),(25,NULL,NULL,NULL,NULL,10,25,NULL,'2021-01-28 15:29:00',NULL,NULL,NULL,NULL),(26,NULL,NULL,NULL,NULL,10,26,NULL,'2021-01-28 15:29:00',NULL,NULL,NULL,NULL),(27,NULL,NULL,NULL,NULL,10,27,NULL,'2021-01-28 15:29:00',NULL,NULL,NULL,NULL),(28,NULL,NULL,NULL,NULL,10,28,NULL,'2021-01-28 15:29:00',NULL,NULL,NULL,NULL),(29,NULL,NULL,NULL,NULL,10,29,NULL,'2021-01-28 15:29:00',NULL,NULL,NULL,NULL),(30,NULL,NULL,NULL,NULL,10,30,NULL,'2021-01-28 15:29:00',NULL,NULL,NULL,NULL),(31,NULL,NULL,NULL,NULL,10,31,NULL,'2021-01-28 15:29:00',NULL,NULL,NULL,NULL),(32,NULL,NULL,NULL,NULL,10,32,NULL,'2021-01-28 15:29:00',NULL,NULL,NULL,NULL),(33,NULL,NULL,NULL,NULL,10,33,NULL,'2021-01-28 15:29:00',NULL,NULL,NULL,NULL),(34,NULL,NULL,NULL,NULL,10,34,NULL,'2021-01-28 15:29:00',NULL,NULL,NULL,NULL),(35,NULL,NULL,NULL,NULL,10,35,NULL,'2021-01-28 15:29:00',NULL,NULL,NULL,NULL),(36,NULL,NULL,NULL,NULL,10,36,NULL,'2021-01-28 15:29:00',NULL,NULL,NULL,NULL),(37,NULL,NULL,NULL,NULL,10,37,NULL,'2021-01-28 15:29:00',NULL,NULL,NULL,NULL),(38,NULL,NULL,NULL,NULL,10,38,NULL,'2021-01-28 15:29:00',NULL,NULL,NULL,NULL),(39,NULL,NULL,NULL,NULL,10,39,NULL,'2021-01-28 15:29:00',NULL,NULL,NULL,NULL),(40,NULL,NULL,NULL,NULL,10,40,NULL,'2021-01-28 15:29:00',NULL,NULL,NULL,NULL),(41,NULL,NULL,NULL,NULL,10,41,NULL,'2021-01-28 15:29:00',NULL,NULL,NULL,NULL),(42,NULL,NULL,NULL,-26,1,42,NULL,'2021-01-28 15:29:00','DIRECT',NULL,NULL,NULL),(43,'3700058367','2021-01-02',132,132,1,43,NULL,'2021-01-28 15:29:00','DIRECT',NULL,NULL,NULL),(44,'3700051693','2021-02-01',66,66,1,44,NULL,'2021-01-28 15:29:00','DIRECT',NULL,NULL,NULL),(45,'3700047955','2021-02-01',120,98,1,45,NULL,'2021-01-28 15:29:00','PORTAGE',NULL,NULL,NULL),(46,'3700031559','2021-09-10',NULL,NULL,1,46,NULL,'2021-01-28 15:29:00','DIRECT',NULL,NULL,NULL),(47,'3901026789','2020-01-08',NULL,-20,1,47,NULL,'2021-01-28 15:29:00','PORTAGE',NULL,NULL,NULL),(48,'3700047959','2020-05-12',NULL,-48,1,48,NULL,'2021-01-28 15:29:00','PORTAGE',NULL,NULL,NULL),(49,'3700031715','2021-01-10',NULL,NULL,1,49,NULL,'2021-01-28 15:29:00','PORTAGE',NULL,NULL,NULL),(50,'3700051623','2021-02-01',130,130,1,50,NULL,'2021-01-28 15:29:00','PORTAGE',NULL,NULL,NULL),(51,'3700036694','2020-02-10',NULL,NULL,1,51,NULL,'2021-01-28 15:29:00','PORTAGE',NULL,NULL,NULL),(52,NULL,NULL,NULL,NULL,1,52,NULL,'2021-01-28 15:29:00','DIRECT',NULL,NULL,NULL),(53,'3700053646','2021-02-01',130,130,1,53,NULL,'2021-01-28 15:29:00','DIRECT',NULL,NULL,NULL),(54,'3700026663','2020-03-08',NULL,NULL,1,54,NULL,'2021-01-28 15:29:00','PORTAGE',NULL,NULL,NULL),(55,'3700051689','2021-02-01',198,198,1,55,NULL,'2021-01-28 15:29:01','PORTAGE',NULL,NULL,NULL),(56,'3700058363','2021-01-02',132,132,1,56,NULL,'2021-01-28 15:29:01','DIRECT',NULL,NULL,NULL),(57,NULL,NULL,NULL,-44,1,57,NULL,'2021-01-28 15:29:01','DIRECT',NULL,NULL,NULL),(58,'3700042048','2020-08-11',NULL,NULL,1,58,NULL,'2021-01-28 15:29:01','DIRECT',NULL,NULL,NULL),(59,'3700051581','2021-02-01',130,130,1,59,NULL,'2021-01-28 15:29:01','PORTAGE',NULL,NULL,NULL),(60,'3700042047','2020-05-11',NULL,NULL,1,60,NULL,'2021-01-28 15:29:01','PORTAGE',NULL,NULL,NULL),(61,'3700053669','2021-02-01',130,130,1,61,NULL,'2021-01-28 15:29:01','PORTAGE',NULL,NULL,NULL),(62,'3700047958','2021-02-01',130,130,1,62,NULL,'2021-01-28 15:29:01','PORTAGE',NULL,NULL,NULL),(63,'3700047957','2021-11-12',NULL,NULL,1,63,NULL,'2021-01-28 15:29:01','PORTAGE',NULL,NULL,NULL),(64,'3700058347','2021-01-01',132,132,1,64,NULL,'2021-01-28 15:29:01','DIRECT',NULL,NULL,NULL),(65,'3700058342','2021-01-01',132,132,1,65,NULL,'2021-01-28 15:29:01','DIRECT',NULL,NULL,NULL),(66,NULL,NULL,NULL,NULL,1,66,NULL,'2021-01-28 15:29:01','PORTAGE',NULL,NULL,NULL),(67,'3700031577','2020-10-11',NULL,NULL,1,67,NULL,'2021-01-28 15:29:01','PORTAGE',NULL,NULL,NULL),(68,'3700026658','2020-01-09',NULL,NULL,1,68,NULL,'2021-01-28 15:29:01','DIRECT',NULL,NULL,NULL),(69,'3700053667','2021-04-11',3700044255,3700044255,1,69,NULL,'2021-01-28 15:29:01','PORTAGE',NULL,NULL,NULL),(70,'3700037819','2021-07-10',NULL,NULL,1,70,NULL,'2021-01-28 15:29:01','DIRECT',NULL,NULL,NULL),(71,'3700037820','2022-02-10',NULL,NULL,1,71,NULL,'2021-01-28 15:29:01','DIRECT',NULL,NULL,NULL),(72,'3700042059','2020-09-11',NULL,NULL,1,72,NULL,'2021-01-28 15:29:01','PORTAGE',NULL,NULL,NULL),(73,'3700037817','2021-07-10',NULL,NULL,1,73,NULL,'2021-01-28 15:29:01','DIRECT',NULL,NULL,NULL),(74,'3700058340','2021-01-01',132,132,1,74,NULL,'2021-01-28 15:29:01','DIRECT',NULL,NULL,NULL),(75,'3700047893','2021-09-12',NULL,NULL,1,75,NULL,'2021-01-28 15:29:01','PORTAGE',NULL,NULL,NULL),(76,NULL,NULL,NULL,NULL,1,76,NULL,'2021-01-28 15:29:01','PORTAGE',NULL,NULL,NULL),(77,'3700053670','2022-03-02',130,130,1,77,NULL,'2021-01-28 15:29:01','DIRECT',NULL,NULL,NULL),(78,NULL,NULL,NULL,NULL,3,78,NULL,'2021-01-28 15:29:02',NULL,NULL,NULL,NULL),(79,'4500006582','2021-01-01',78,78,3,79,NULL,'2021-01-28 15:29:02',NULL,NULL,NULL,NULL),(80,NULL,NULL,NULL,NULL,3,80,NULL,'2021-01-28 15:29:02',NULL,NULL,NULL,NULL),(81,'4500006432','2021-01-01',69,69,3,81,NULL,'2021-01-28 15:29:02',NULL,NULL,NULL,NULL),(82,'3700056277','2021-01-01',130,130,2,82,NULL,'2021-01-28 15:29:02','PORTAGE',NULL,NULL,NULL),(83,NULL,NULL,NULL,NULL,2,83,NULL,'2021-01-28 15:29:02','DIRECT',NULL,NULL,NULL),(84,'3700050939','2021-02-01',110,110,2,84,NULL,'2021-01-28 15:29:02','DIRECT',NULL,NULL,NULL),(85,NULL,NULL,NULL,NULL,11,85,NULL,'2021-01-28 15:29:02',NULL,NULL,NULL,NULL),(86,NULL,NULL,NULL,NULL,11,86,NULL,'2021-01-28 15:29:02',NULL,NULL,NULL,NULL),(87,NULL,NULL,NULL,NULL,4,87,NULL,'2021-01-28 15:29:02',NULL,'13789C/19-6',NULL,NULL),(88,NULL,NULL,NULL,NULL,4,88,NULL,'2021-01-28 15:29:02',NULL,' 13789C/19-6',NULL,NULL),(89,NULL,NULL,NULL,NULL,12,89,NULL,'2021-01-28 15:29:02',NULL,NULL,NULL,NULL),(90,NULL,NULL,NULL,-199,8,90,NULL,'2021-01-28 15:29:02',NULL,' C86244','SG-ABS 01/11/2019-082',NULL),(91,NULL,NULL,NULL,NULL,8,91,NULL,'2021-01-28 15:29:02',NULL,' C86244','SG-ABS 29/04/2020-016',NULL),(92,NULL,NULL,NULL,NULL,8,92,NULL,'2021-01-28 15:29:02',NULL,' C86244','SG-ABS 09/01/2020-103',NULL),(93,NULL,NULL,NULL,NULL,8,93,NULL,'2021-01-28 15:29:02',NULL,' C86244','SG-ABS 09/12/2019-097',NULL),(94,NULL,NULL,NULL,NULL,6,94,NULL,'2021-01-28 15:29:02',NULL,' C86244','SGABS- 18/05/2020-025',NULL),(95,NULL,NULL,NULL,NULL,6,95,NULL,'2021-01-28 15:29:02',NULL,NULL,NULL,NULL),(96,NULL,NULL,NULL,NULL,6,96,NULL,'2021-01-28 15:29:02',NULL,NULL,NULL,NULL),(97,'42528','2022-07-01',228,228,6,97,NULL,'2021-01-28 15:29:03',NULL,NULL,NULL,NULL),(98,NULL,NULL,NULL,NULL,7,98,NULL,'2021-01-28 15:29:03',NULL,NULL,NULL,NULL),(99,NULL,NULL,NULL,-96.6,5,99,NULL,'2021-01-28 15:29:03',NULL,NULL,NULL,NULL),(100,NULL,NULL,NULL,-5.48,5,100,NULL,'2021-01-28 15:29:03',NULL,NULL,NULL,NULL),(101,NULL,NULL,NULL,-444.392,5,101,NULL,'2021-01-28 15:29:03',NULL,NULL,NULL,NULL),(102,'656523',NULL,NULL,-163.325,5,102,NULL,'2021-01-28 15:29:03',NULL,NULL,NULL,NULL),(103,'1401185/GML','2021-12-01',66,66,16,114,NULL,'2021-01-28 15:29:03',NULL,NULL,NULL,NULL),(104,NULL,NULL,NULL,NULL,NULL,115,NULL,'2021-01-28 15:29:03',NULL,'DATAROX/HOPE3K/2019-10',NULL,NULL),(105,'bc-1','2021-01-28',100,60,17,131,NULL,'2021-01-28 17:02:13','DIRECT',NULL,NULL,NULL),(106,'bc-2','2021-01-28',100,52,17,130,NULL,'2021-01-28 17:02:41','DIRECT',NULL,NULL,NULL),(107,'555555','2021-02-09',30,9,18,137,'2021-02-09 09:21:39','2021-02-09 09:14:45','DIRECT',NULL,NULL,NULL);
/*!40000 ALTER TABLE `bcclient` ENABLE KEYS */;
UNLOCK TABLES;

--
-- Table structure for table `bcfournisseur`
--

DROP TABLE IF EXISTS `bcfournisseur`;
/*!40101 SET @saved_cs_client     = @@character_set_client */;
/*!40101 SET character_set_client = utf8 */;
CREATE TABLE `bcfournisseur` (
  `id` int(11) NOT NULL AUTO_INCREMENT,
  `achatHT` double DEFAULT NULL,
  `factureFournisseur` varchar(255) COLLATE utf8_unicode_ci DEFAULT NULL,
  `date` date DEFAULT NULL,
  `id_fournisseur` int(11) DEFAULT NULL,
  `document_name` varchar(255) COLLATE utf8_unicode_ci DEFAULT NULL,
  `updated_at` datetime DEFAULT NULL,
  `date_ceation` datetime DEFAULT NULL,
  `achatTTC` double DEFAULT NULL,
  `taxe` double DEFAULT NULL,
  `nb_jours` double DEFAULT NULL,
  `mois` int(11) DEFAULT NULL,
  `year` int(11) DEFAULT NULL,
  `id_mission` int(11) DEFAULT NULL,
  `venteHT` double DEFAULT NULL,
  `code` varchar(255) COLLATE utf8_unicode_ci DEFAULT NULL,
  `id_consultant` int(11) DEFAULT NULL,
  `id_projet` int(11) DEFAULT NULL,
  `id_facture` int(11) DEFAULT NULL,
  PRIMARY KEY (`id`),
  KEY `IDX_630EECB12E8C07C5` (`id_fournisseur`),
  KEY `IDX_630EECB14EFA5B4C` (`id_mission`),
  KEY `IDX_630EECB1E1980276` (`id_consultant`),
  KEY `IDX_630EECB176222944` (`id_projet`),
  KEY `IDX_630EECB1201BCD60` (`id_facture`),
  CONSTRAINT `FK_630EECB1201BCD60` FOREIGN KEY (`id_facture`) REFERENCES `facture` (`id`),
  CONSTRAINT `FK_630EECB12E8C07C5` FOREIGN KEY (`id_fournisseur`) REFERENCES `fournisseur` (`id`),
  CONSTRAINT `FK_630EECB14EFA5B4C` FOREIGN KEY (`id_mission`) REFERENCES `mission` (`id`),
  CONSTRAINT `FK_630EECB176222944` FOREIGN KEY (`id_projet`) REFERENCES `projet` (`id`),
  CONSTRAINT `FK_630EECB1E1980276` FOREIGN KEY (`id_consultant`) REFERENCES `consultant` (`id`)
) ENGINE=InnoDB AUTO_INCREMENT=82 DEFAULT CHARSET=utf8 COLLATE=utf8_unicode_ci;
/*!40101 SET character_set_client = @saved_cs_client */;

--
-- Dumping data for table `bcfournisseur`
--

LOCK TABLES `bcfournisseur` WRITE;
/*!40000 ALTER TABLE `bcfournisseur` DISABLE KEYS */;
INSERT INTO `bcfournisseur` VALUES (2,36000,NULL,'2021-02-01',3,NULL,NULL,'2021-02-01 11:45:32',43200,7200,24,1,2021,NULL,40800,'H3K-BC-F-21-01-002',6,1,NULL),(3,44000,NULL,'2021-02-01',15,NULL,NULL,'2021-02-01 11:45:32',52800,8800,22,1,2021,NULL,45100,'H3K-BC-F-21-01-003',19,1,NULL),(4,22000,NULL,'2021-02-01',3,NULL,NULL,'2021-02-01 11:48:22',26400,4400,22,1,2021,NULL,28600,'H3K-BC-F-21-01-004',3,2,NULL),(5,44000,NULL,'2021-02-01',13,NULL,NULL,'2021-02-01 11:48:22',52800,8800,22,1,2021,NULL,55000,'H3K-BC-F-21-01-005',18,2,NULL),(6,23000,NULL,'2021-02-01',15,NULL,NULL,'2021-02-01 11:48:22',27600,4600,23,1,2021,NULL,34500,'H3K-BC-F-21-01-006',17,2,NULL),(7,24604,NULL,'2021-02-01',6,NULL,NULL,'2021-02-01 11:51:09',32649.6,8045.6,24,1,2021,105,29004,NULL,90,NULL,NULL),(8,0,NULL,'2021-02-01',3,NULL,NULL,'2021-02-01 13:22:06',0,0,23,1,2021,8,62100,NULL,8,NULL,NULL),(9,92000,NULL,'2021-02-01',9,NULL,NULL,'2021-02-01 14:34:49',110400,18400,23,1,2021,90,108100,NULL,90,NULL,NULL),(10,99560,NULL,'2021-02-01',9,NULL,NULL,'2021-02-01 15:00:24',128544,28984,24.3,NULL,2021,90,115502.5,NULL,90,NULL,NULL),(11,100160,NULL,'2021-02-01',9,NULL,NULL,'2021-02-01 15:08:13',129984,29824,24.4,NULL,2021,90,116090,NULL,90,NULL,NULL),(12,93224,NULL,'2021-02-01',9,NULL,NULL,'2021-02-01 15:16:14',127737.6,34513.6,22.3,2,2021,90,106948.5,NULL,90,NULL,NULL),(13,101048,NULL,'2021-02-01',9,NULL,NULL,'2021-02-01 15:41:04',121257.6,20209.6,23.7,5,2021,90,114609.5,NULL,90,NULL,NULL),(16,25775,NULL,'2021-02-01',6,NULL,NULL,'2021-02-01 16:04:07',30930,5155,25.3,1,2021,105,30930,NULL,90,NULL,NULL),(17,0,NULL,'2021-02-05',NULL,NULL,NULL,'2021-02-05 11:01:25',0,0,20,2,2021,1,1536800,NULL,1,NULL,NULL),(18,33580,NULL,'2021-02-05',3,NULL,NULL,'2021-02-05 11:07:29',40296,6716,23,1,2021,37,34500,NULL,37,NULL,NULL),(19,20000,NULL,'2021-02-05',3,NULL,NULL,'2021-02-05 11:11:54',24000,4000,20,1,2021,NULL,26000,'H3K-BC-F-21-01-011',3,2,NULL),(20,12000,NULL,'2021-02-05',13,NULL,NULL,'2021-02-05 11:11:54',14400,2400,6,1,2021,NULL,15000,'H3K-BC-F-21-01-012',18,2,NULL),(21,10000,NULL,'2021-02-05',15,NULL,NULL,'2021-02-05 11:11:55',12000,2000,10,1,2021,NULL,15000,'H3K-BC-F-21-01-013',17,2,NULL),(22,20000,NULL,'2021-02-05',3,NULL,NULL,'2021-02-05 11:12:59',24000,4000,20,1,2021,NULL,26000,'H3K-BC-F-21-01-014',3,2,NULL),(23,50000,NULL,'2021-02-05',13,NULL,NULL,'2021-02-05 11:12:59',60000,10000,25,1,2021,NULL,62500,'H3K-BC-F-21-01-015',18,2,NULL),(24,20000,NULL,'2021-02-05',15,NULL,NULL,'2021-02-05 11:13:00',24000,4000,20,1,2021,NULL,30000,'H3K-BC-F-21-01-016',17,2,NULL),(25,23000,NULL,'2021-02-05',1,NULL,NULL,'2021-02-05 11:26:58',27600,4600,23,1,2021,NULL,39100,'BC-21-01-017',1,1,NULL),(26,34500,NULL,'2021-02-05',3,NULL,NULL,'2021-02-05 11:26:59',41400,6900,23,1,2021,NULL,39100,'BC-21-01-018',6,1,NULL),(27,44000,NULL,'2021-02-05',15,NULL,NULL,'2021-02-05 11:26:59',52800,8800,22,1,2021,NULL,45100,'BC-21-01-019',19,1,NULL),(28,25200,NULL,'2021-02-09',18,NULL,NULL,'2021-02-09 09:26:51',30240,5040,21,1,2021,106,31500,'BC-21-01-020',137,NULL,NULL),(29,20000,NULL,'2021-02-09',2,NULL,NULL,'2021-02-09 09:49:26',24000,4000,20,1,2021,NULL,24000,'BC-21-01-021',1,3,NULL),(30,23100,NULL,'2021-02-09',4,NULL,NULL,'2021-02-09 09:49:26',27720,4620,21,1,2021,NULL,27300,'BC-21-01-022',2,3,NULL),(31,44000,NULL,'2021-02-09',7,NULL,NULL,'2021-02-09 09:49:26',52800,8800,22,1,2021,NULL,50600,'BC-21-01-023',3,3,NULL),(32,49612.5,NULL,'2021-02-09',4,NULL,NULL,'2021-02-09 09:59:55',59535,9922.5,22,1,2021,47,54000,'BC-21-01-024',47,NULL,NULL),(33,23000,NULL,'2021-02-10',1,NULL,NULL,'2021-02-10 15:33:23',27600,4600,23,1,2021,NULL,39100,'BC-21-01-025',1,1,NULL),(34,19500,NULL,'2021-02-10',3,NULL,NULL,'2021-02-10 15:33:23',23400,3900,13,1,2021,NULL,22100,'BC-21-01-026',6,1,NULL),(35,44000,NULL,'2021-02-10',15,NULL,NULL,'2021-02-10 15:33:24',52800,8800,22,1,2021,NULL,45100,'BC-21-01-027',19,1,NULL),(36,20123,NULL,'2021-02-10',1,NULL,NULL,'2021-02-10 16:24:13',24147.6,4024.6,20.123,1,2021,NULL,34209.1,'BC-21-01-028',1,1,NULL),(37,138588,NULL,'2021-02-10',3,NULL,NULL,'2021-02-10 16:24:18',166305.6,27717.6,92.392,1,2021,NULL,157066.4,'BC-21-01-029',6,1,NULL),(38,16404,NULL,'2021-02-10',15,NULL,NULL,'2021-02-10 16:24:23',19684.8,3280.8,8.202,1,2021,NULL,16814.1,'BC-21-01-030',19,1,NULL),(39,20900,NULL,'2021-03-02',4,NULL,NULL,'2021-03-02 11:21:17',25080,4180,20,2,2021,36,28000,'BC-21-02-003',36,NULL,NULL),(50,12000,NULL,'2021-03-03',NULL,NULL,NULL,'2021-03-03 11:41:10',14400,2400,12,1,2021,NULL,0,'BC-21-01-031',1,4,NULL),(51,14000,NULL,'2021-03-03',NULL,NULL,NULL,'2021-03-03 11:41:10',16800,2800,14,1,2021,NULL,0,'BC-21-01-032',2,4,NULL),(52,16000,NULL,'2021-03-03',NULL,NULL,NULL,'2021-03-03 11:41:10',19200,3200,16,1,2021,NULL,0,'BC-21-01-033',3,4,NULL),(53,12000,NULL,'2021-03-03',1,NULL,NULL,'2021-03-03 11:41:41',14400,2400,12,1,2021,NULL,20400,'BC-21-01-034',1,4,NULL),(54,14000,NULL,'2021-03-03',2,NULL,NULL,'2021-03-03 11:41:41',16800,2800,14,1,2021,NULL,23800,'BC-21-01-035',2,4,NULL),(55,16000,NULL,'2021-03-03',3,NULL,NULL,'2021-03-03 11:41:41',19200,3200,16,1,2021,NULL,27200,'BC-21-01-036',3,4,NULL),(56,23000,NULL,'2021-03-03',1,NULL,NULL,'2021-03-03 14:47:22',27600,4600,23,2,2021,NULL,39100,'BC-21-02-004',1,4,NULL),(57,21000,NULL,'2021-03-03',2,NULL,NULL,'2021-03-03 14:47:22',25200,4200,21,2,2021,NULL,35700,'BC-21-02-005',2,4,NULL),(58,22000,NULL,'2021-03-03',3,NULL,NULL,'2021-03-03 14:47:22',26400,4400,22,2,2021,NULL,37400,'BC-21-02-006',3,4,NULL),(59,29600,NULL,'2021-03-03',13,NULL,NULL,'2021-03-03 14:57:58',35520,5920,20,2,2021,38,34000,'BC-21-02-007',38,NULL,NULL),(60,26000,NULL,'2021-03-03',1,NULL,NULL,'2021-03-03 15:03:59',31200,5200,26,3,2021,NULL,44200,'BC-21-03-001',1,4,NULL),(61,24000,NULL,'2021-03-03',2,NULL,NULL,'2021-03-03 15:03:59',28800,4800,24,3,2021,NULL,40800,'BC-21-03-002',2,4,NULL),(62,30000,NULL,'2021-03-03',3,NULL,NULL,'2021-03-03 15:03:59',36000,6000,20,3,2021,NULL,40600,'BC-21-03-003',3,4,NULL),(63,27000,NULL,'2021-03-03',1,NULL,NULL,'2021-03-03 15:29:31',32400,5400,27,4,2021,NULL,45900,'BC-21-04-001',1,4,NULL),(64,21000,NULL,'2021-03-03',2,NULL,NULL,'2021-03-03 15:29:32',25200,4200,21,4,2021,NULL,35700,'BC-21-04-002',2,4,NULL),(65,34500,NULL,'2021-03-03',3,NULL,NULL,'2021-03-03 15:29:32',41400,6900,23,4,2021,NULL,46690,'BC-21-04-003',3,4,NULL),(66,27000,NULL,'2021-03-03',1,NULL,NULL,'2021-03-03 15:39:39',32400,5400,27,5,2021,NULL,45900,'BC-21-05-002',1,4,NULL),(67,21000,NULL,'2021-03-03',2,NULL,NULL,'2021-03-03 15:39:39',25200,4200,21,5,2021,NULL,35700,'BC-21-05-003',2,4,NULL),(68,34500,NULL,'2021-03-03',3,NULL,NULL,'2021-03-03 15:39:39',41400,6900,23,5,2021,NULL,46690,'BC-21-05-004',3,4,NULL),(69,17860,NULL,'2021-03-03',4,NULL,NULL,'2021-03-03 15:59:25',21432,3572,19,NULL,2021,40,19000,'BC-21-00-003',40,NULL,NULL),(70,17860,NULL,'2021-03-03',4,NULL,NULL,'2021-03-03 16:09:19',21432,3572,19,4,2021,40,19000,'BC-21-04-004',40,NULL,NULL),(71,17860,NULL,'2021-03-03',4,NULL,NULL,'2021-03-03 16:13:37',21432,3572,19,5,2021,40,19000,'BC-21-05-005',40,NULL,NULL),(72,20000,NULL,'2021-03-04',3,NULL,NULL,'2021-03-04 15:13:24',24000,4000,20,3,2021,NULL,26000,'BC-21-03-004',3,2,NULL),(73,6000,NULL,'2021-03-04',15,NULL,NULL,'2021-03-04 15:13:25',7200,1200,6,3,2021,NULL,7800,'BC-21-03-005',17,2,NULL),(74,20000,NULL,'2021-03-04',13,NULL,NULL,'2021-03-04 15:13:25',24000,4000,10,3,2021,NULL,25000,'BC-21-03-006',18,2,NULL),(75,20000,NULL,'2021-03-04',3,NULL,NULL,'2021-03-04 15:13:42',24000,4000,20,3,2021,NULL,26000,'BC-21-03-007',3,2,NULL),(76,6000,NULL,'2021-03-04',15,NULL,NULL,'2021-03-04 15:13:42',7200,1200,6,3,2021,NULL,7800,'BC-21-03-008',17,2,NULL),(77,20000,NULL,'2021-03-04',13,NULL,NULL,'2021-03-04 15:13:42',24000,4000,10,3,2021,NULL,25000,'BC-21-03-009',18,2,NULL),(78,20000,NULL,'2021-03-04',3,NULL,NULL,'2021-03-04 15:19:15',24000,4000,20,5,2021,NULL,26000,'BC-21-05-006',3,2,NULL),(79,13000,NULL,'2021-03-04',15,NULL,NULL,'2021-03-04 15:19:15',15600,2600,13,5,2021,NULL,16900,'BC-21-05-007',17,2,NULL),(80,16000,NULL,'2021-03-04',13,NULL,NULL,'2021-03-04 15:19:15',19200,3200,8,5,2021,NULL,20000,'BC-21-05-008',18,2,NULL),(81,53125,NULL,'2021-03-08',4,NULL,NULL,'2021-03-08 11:16:07',63750,10625,25,2,2021,48,57500,'BC-21-02-008',48,NULL,NULL);
/*!40000 ALTER TABLE `bcfournisseur` ENABLE KEYS */;
UNLOCK TABLES;

--
-- Table structure for table `client`
--

DROP TABLE IF EXISTS `client`;
/*!40101 SET @saved_cs_client     = @@character_set_client */;
/*!40101 SET character_set_client = utf8 */;
CREATE TABLE `client` (
  `id` int(11) NOT NULL AUTO_INCREMENT,
  `nom` varchar(255) COLLATE utf8_unicode_ci DEFAULT NULL,
  `tel` varchar(255) COLLATE utf8_unicode_ci DEFAULT NULL,
  `fax` varchar(255) COLLATE utf8_unicode_ci DEFAULT NULL,
  `email` varchar(255) COLLATE utf8_unicode_ci DEFAULT NULL,
  `adresse` longtext COLLATE utf8_unicode_ci,
  `contrat_cadre` varchar(255) COLLATE utf8_unicode_ci DEFAULT NULL,
  `updated_at` datetime DEFAULT NULL,
  `date_ceation` datetime DEFAULT NULL,
  `ice` varchar(255) COLLATE utf8_unicode_ci DEFAULT NULL,
  `echeance` varchar(255) COLLATE utf8_unicode_ci DEFAULT NULL,
  PRIMARY KEY (`id`)
) ENGINE=InnoDB AUTO_INCREMENT=19 DEFAULT CHARSET=utf8 COLLATE=utf8_unicode_ci;
/*!40101 SET character_set_client = @saved_cs_client */;

--
-- Dumping data for table `client`
--

LOCK TABLES `client` WRITE;
/*!40000 ALTER TABLE `client` DISABLE KEYS */;
INSERT INTO `client` VALUES (1,'Atos ITS Nearshore Center Maroc',NULL,NULL,NULL,'Nearshore Park, Shore7, 1100, Boulevard\nElQods Sidi Maarouf ,20190, CASABLANCA',NULL,NULL,'2021-01-28 14:47:51','1540000000000','60'),(2,'Atos IT SERVICES SARL',NULL,NULL,NULL,'Avenue Annakhil, Espace High Tech\nhall B 5 ème étage Hay Riad, RABAT',NULL,NULL,'2021-01-28 14:47:51','1510000000000','60'),(3,'WANA CORPORATE',NULL,NULL,NULL,'Lotissement la Colline II Sidi Maarouf,\nCASABLANCA',NULL,NULL,'2021-01-28 14:47:51','1530000000000','90'),(4,'OCP SA',NULL,NULL,NULL,'OCP_SIEGE \nRue Al Abtal Hay Erraha, Casablanca. Maroc',NULL,NULL,'2021-01-28 14:47:51','1540000000000','60'),(5,'MEDI TELECOM',NULL,NULL,NULL,'Lotissement la Coline, Imm les 4 temps Sidi\nMaarouf, CASABLANCA',NULL,NULL,'2021-01-28 14:47:51','1520000000000','90'),(6,'Société Générale –Marocaine des banques',NULL,NULL,NULL,'55 BD Abdelmoumen, 20360 \nCASABLANCA',NULL,NULL,'2021-01-28 14:47:51','1540000000000','60'),(7,'Sofrecom Services Maroc,',NULL,NULL,NULL,'Technopolis bâtiment B0 2eme étage\n11 100 Sala AL Jadida',NULL,NULL,'2021-01-28 14:47:51','1550000000000','60'),(8,'Société Générale – African Business Services',NULL,NULL,NULL,'Boulevard Sidi Mohammed ben Abdellah,\nTour Ivoire 2, Marina Casablanca',NULL,NULL,'2021-01-28 14:47:51','1900000000000','60'),(9,'HIGHTECH PAYMENT SYSTEMS,',NULL,NULL,NULL,'1100 Boulevard Al Qods, Sidi Maârouf Nearshore Park, Shore 1,Secteur A, CASABLANCA',NULL,NULL,'2021-01-28 14:47:51','1520000000000','60'),(10,'Devoteam Maroc',NULL,NULL,NULL,'7, Rue Mariniyine, Hassan-RABAT-BP 10 020-MAROC',NULL,NULL,'2021-01-28 14:47:51','43032000002','60'),(11,'Banque Marocaine Pour Le Commerce Et L\'Industrie',NULL,NULL,NULL,'26, place des Nations Unies 20070, CASABLANCA',NULL,NULL,'2021-01-28 14:47:51','1510000000000','60'),(12,'QUANTEAM MAROC',NULL,NULL,NULL,'367 Boulevard Zerktouni, Casablanca',NULL,NULL,'2021-01-28 14:47:51','1520000000000','45'),(13,'EM TELECOM',NULL,NULL,NULL,'1ER étage de l’immeuble SIGMA La Colline lotissement ALAFAK, Sidi Maarouf- Casablanca',NULL,NULL,'2021-01-28 14:47:51','89410000066','90'),(14,'PCS invest',NULL,NULL,NULL,'Lot lina, N°259, Etage1. SIDI MAAROUF.CASABLANCA Maroc',NULL,NULL,'2021-01-28 14:47:51','186000000000','90'),(15,'VERNE TELECOM MAROC',NULL,NULL,NULL,'Lot AFAK N 441 ETAGE 1, Sidi Maarouf- Casablanca',NULL,NULL,'2021-01-28 14:47:51','46600000000','60'),(16,'ORANGE BUSINESS MAROC SARL',NULL,NULL,NULL,'32 AVENUE MERS SULTAN RESIDENCE MERS SULTAN\nCASABLANCA',NULL,NULL,'2021-01-28 14:47:51',NULL,'60'),(17,'Test',NULL,NULL,NULL,'test',NULL,NULL,'2021-01-28 16:58:14',NULL,NULL),(18,'Client Test','0537705962','0537705962','mail@mail.com','Casablanca',NULL,NULL,'2021-02-09 09:07:37','001900493000077','60');
/*!40000 ALTER TABLE `client` ENABLE KEYS */;
UNLOCK TABLES;

--
-- Table structure for table `compte_bancaire`
--

DROP TABLE IF EXISTS `compte_bancaire`;
/*!40101 SET @saved_cs_client     = @@character_set_client */;
/*!40101 SET character_set_client = utf8 */;
CREATE TABLE `compte_bancaire` (
  `id` int(11) NOT NULL AUTO_INCREMENT,
  `rib` varchar(255) COLLATE utf8_unicode_ci DEFAULT NULL,
  `banque` varchar(255) COLLATE utf8_unicode_ci DEFAULT NULL,
  `agence` varchar(255) COLLATE utf8_unicode_ci DEFAULT NULL,
  `label` varchar(255) COLLATE utf8_unicode_ci DEFAULT NULL,
  PRIMARY KEY (`id`)
) ENGINE=InnoDB AUTO_INCREMENT=2 DEFAULT CHARSET=utf8 COLLATE=utf8_unicode_ci;
/*!40101 SET character_set_client = @saved_cs_client */;

--
-- Dumping data for table `compte_bancaire`
--

LOCK TABLES `compte_bancaire` WRITE;
/*!40000 ALTER TABLE `compte_bancaire` DISABLE KEYS */;
INSERT INTO `compte_bancaire` VALUES (1,'022 780 000 043 00 296153 88 74','Société Générale','00043','S ABDELMOUMEN');
/*!40000 ALTER TABLE `compte_bancaire` ENABLE KEYS */;
UNLOCK TABLES;

--
-- Table structure for table `consultant`
--

DROP TABLE IF EXISTS `consultant`;
/*!40101 SET @saved_cs_client     = @@character_set_client */;
/*!40101 SET character_set_client = utf8 */;
CREATE TABLE `consultant` (
  `id` int(11) NOT NULL AUTO_INCREMENT,
  `nom` varchar(255) COLLATE utf8_unicode_ci DEFAULT NULL,
  `type` varchar(255) COLLATE utf8_unicode_ci DEFAULT NULL,
  `salaire` varchar(255) COLLATE utf8_unicode_ci DEFAULT NULL,
  `rib` varchar(255) COLLATE utf8_unicode_ci DEFAULT NULL,
  `tel` varchar(255) COLLATE utf8_unicode_ci DEFAULT NULL,
  `email` varchar(255) COLLATE utf8_unicode_ci DEFAULT NULL,
  `adresse` longtext COLLATE utf8_unicode_ci,
  `updated_at` datetime DEFAULT NULL,
  `date_ceation` datetime DEFAULT NULL,
  `tjm` varchar(255) COLLATE utf8_unicode_ci DEFAULT NULL,
  `cin` varchar(255) COLLATE utf8_unicode_ci DEFAULT NULL,
  `cv_name` varchar(255) COLLATE utf8_unicode_ci DEFAULT NULL,
  PRIMARY KEY (`id`)
) ENGINE=InnoDB AUTO_INCREMENT=138 DEFAULT CHARSET=utf8 COLLATE=utf8_unicode_ci;
/*!40101 SET character_set_client = @saved_cs_client */;

--
-- Dumping data for table `consultant`
--

LOCK TABLES `consultant` WRITE;
/*!40000 ALTER TABLE `consultant` DISABLE KEYS */;
INSERT INTO `consultant` VALUES (1,'Hafid Hicham','EXTERNE',NULL,NULL,NULL,NULL,NULL,NULL,'2021-01-28 14:54:57',NULL,NULL,NULL),(2,'Issam zro','EXTERNE',NULL,NULL,NULL,NULL,NULL,NULL,'2021-01-28 14:54:57',NULL,NULL,NULL),(3,'MONCEF LGHMICH','EXTERNE',NULL,NULL,NULL,NULL,NULL,NULL,'2021-01-28 14:54:57',NULL,NULL,NULL),(4,'ADIL HAIDA','EXTERNE',NULL,NULL,NULL,NULL,NULL,NULL,'2021-01-28 14:54:57',NULL,NULL,NULL),(5,'SAMIR MAKDOUD','EXTERNE',NULL,NULL,NULL,NULL,NULL,NULL,'2021-01-28 14:54:57',NULL,NULL,NULL),(6,'ERRAF ISSAM','EXTERNE',NULL,NULL,NULL,NULL,NULL,NULL,'2021-01-28 14:54:57',NULL,NULL,NULL),(7,'MOHAMED ABDELLAOUI','EXTERNE',NULL,NULL,NULL,NULL,NULL,NULL,'2021-01-28 14:54:57',NULL,NULL,NULL),(8,'Yahia Lafrindi','EXTERNE',NULL,NULL,NULL,NULL,NULL,NULL,'2021-01-28 14:54:57',NULL,NULL,NULL),(9,'GHANJAOUI MOHAMED HICHAM','EXTERNE',NULL,NULL,NULL,NULL,NULL,NULL,'2021-01-28 14:54:57',NULL,NULL,NULL),(10,'SOUFIANE ELALAMI','EXTERNE',NULL,NULL,NULL,NULL,NULL,NULL,'2021-01-28 14:54:57',NULL,NULL,NULL),(11,'SAAD MOUSSAID','EXTERNE',NULL,NULL,NULL,NULL,NULL,NULL,'2021-01-28 14:54:57',NULL,NULL,NULL),(12,'AMINE LAANAIA','EXTERNE',NULL,NULL,NULL,NULL,NULL,NULL,'2021-01-28 14:54:57',NULL,NULL,NULL),(13,'ABDESSLAM NAYA','EXTERNE',NULL,NULL,NULL,NULL,NULL,NULL,'2021-01-28 14:54:57',NULL,NULL,NULL),(14,'REZA perksaini','EXTERNE',NULL,NULL,NULL,NULL,NULL,NULL,'2021-01-28 14:54:57',NULL,NULL,NULL),(15,'SAID ASSAD','EXTERNE',NULL,NULL,NULL,NULL,NULL,NULL,'2021-01-28 14:54:57',NULL,NULL,NULL),(16,'YASSINE ELKHATTABI','EXTERNE',NULL,NULL,NULL,NULL,NULL,NULL,'2021-01-28 14:54:57',NULL,NULL,NULL),(17,'MERIEM ELRHIATI','EXTERNE',NULL,NULL,NULL,NULL,NULL,NULL,'2021-01-28 14:54:57',NULL,NULL,NULL),(18,'JAOUAD ELMESSARI','EXTERNE',NULL,NULL,NULL,NULL,NULL,NULL,'2021-01-28 14:54:57',NULL,NULL,NULL),(19,'MOURAD BENHAMMOU','EXTERNE',NULL,NULL,NULL,NULL,NULL,NULL,'2021-01-28 14:54:57',NULL,NULL,NULL),(20,'ABDELLAH PRATIC','EXTERNE',NULL,NULL,NULL,NULL,NULL,NULL,'2021-01-28 14:54:57',NULL,NULL,NULL),(21,'FADWA ELRHARBAOUI','EXTERNE',NULL,NULL,NULL,NULL,NULL,NULL,'2021-01-28 14:54:57',NULL,NULL,NULL),(22,'Hoda ADERBAZ ','EXTERNE',NULL,NULL,NULL,NULL,NULL,NULL,'2021-01-28 14:54:57',NULL,NULL,NULL),(23,'Gabbouri Redouane','EXTERNE',NULL,NULL,NULL,NULL,NULL,NULL,'2021-01-28 14:54:57',NULL,NULL,NULL),(24,'Kamal Youness','EXTERNE',NULL,NULL,NULL,NULL,NULL,NULL,'2021-01-28 14:54:57',NULL,NULL,NULL),(25,'Hamza laqrichi','EXTERNE',NULL,NULL,NULL,NULL,NULL,NULL,'2021-01-28 14:54:57',NULL,NULL,NULL),(26,'Chemmaoui Redouane','EXTERNE',NULL,NULL,NULL,NULL,NULL,NULL,'2021-01-28 14:54:57',NULL,NULL,NULL),(27,'Amine Hajjaji','EXTERNE',NULL,NULL,NULL,NULL,NULL,NULL,'2021-01-28 14:54:57',NULL,NULL,NULL),(28,'Houssam Fakhri','EXTERNE',NULL,NULL,NULL,NULL,NULL,NULL,'2021-01-28 14:54:57',NULL,NULL,NULL),(29,'Abdellah Benadou','EXTERNE',NULL,NULL,NULL,NULL,NULL,NULL,'2021-01-28 14:54:57',NULL,NULL,NULL),(30,'Ikli Lahcen ','EXTERNE',NULL,NULL,NULL,NULL,NULL,NULL,'2021-01-28 14:54:57',NULL,NULL,NULL),(31,'Karim ELIL ','EXTERNE',NULL,NULL,NULL,NULL,NULL,NULL,'2021-01-28 14:54:57',NULL,NULL,NULL),(32,'Soufiane Terrabi','EXTERNE',NULL,NULL,NULL,NULL,NULL,NULL,'2021-01-28 14:54:57',NULL,NULL,NULL),(33,'Hosni Zakaria ','EXTERNE',NULL,NULL,NULL,NULL,NULL,NULL,'2021-01-28 14:54:57',NULL,NULL,NULL),(34,'Mohamed ELOTMANI','EXTERNE',NULL,NULL,NULL,NULL,NULL,NULL,'2021-01-28 14:54:57',NULL,NULL,NULL),(35,'Loubna Gouaidia ','EXTERNE',NULL,NULL,NULL,NULL,NULL,NULL,'2021-01-28 14:54:57',NULL,NULL,NULL),(36,'KARID ABDELALI','EXTERNE',NULL,NULL,NULL,NULL,NULL,NULL,'2021-01-28 14:54:57',NULL,NULL,NULL),(37,'Eddamyr Kamal','EXTERNE',NULL,NULL,NULL,NULL,NULL,NULL,'2021-01-28 14:54:57',NULL,NULL,NULL),(38,'YASSIR RYAD','EXTERNE',NULL,NULL,NULL,NULL,NULL,NULL,'2021-01-28 14:54:57',NULL,NULL,NULL),(39,'Soukaina Ennajmi ','EXTERNE',NULL,NULL,NULL,NULL,NULL,NULL,'2021-01-28 14:54:57',NULL,NULL,NULL),(40,'Youssef  OUDANI ','EXTERNE',NULL,NULL,NULL,NULL,NULL,NULL,'2021-01-28 14:54:57',NULL,NULL,NULL),(41,'Adrrab elmahfoud','EXTERNE',NULL,NULL,NULL,NULL,NULL,NULL,'2021-01-28 14:54:57',NULL,NULL,NULL),(42,'REDA CHERIF ZAOUI ','EXTERNE',NULL,NULL,NULL,NULL,NULL,NULL,'2021-01-28 14:54:57',NULL,NULL,NULL),(43,'RACHID AMRI','EXTERNE',NULL,NULL,NULL,NULL,NULL,NULL,'2021-01-28 14:54:57',NULL,NULL,NULL),(44,'ELHALOUI MOHAMMED','EXTERNE',NULL,NULL,NULL,NULL,NULL,NULL,'2021-01-28 14:54:57',NULL,NULL,NULL),(45,'YOUNES ZOUBIRI','EXTERNE',NULL,NULL,NULL,NULL,NULL,NULL,'2021-01-28 14:54:57',NULL,NULL,NULL),(46,'ABSSI MUSTAPHA','EXTERNE',NULL,NULL,NULL,NULL,NULL,NULL,'2021-01-28 14:54:57',NULL,NULL,NULL),(47,'ABDELAZIZ TAOUILI','EXTERNE',NULL,NULL,NULL,NULL,NULL,NULL,'2021-01-28 14:54:57',NULL,NULL,NULL),(48,'KARIM ELATRACH','EXTERNE',NULL,NULL,NULL,NULL,NULL,NULL,'2021-01-28 14:54:57',NULL,NULL,NULL),(49,'NAIM ELHASSEN','EXTERNE',NULL,NULL,NULL,NULL,NULL,NULL,'2021-01-28 14:54:57',NULL,NULL,NULL),(50,'YOUSSEF IDMANSOUR','EXTERNE',NULL,NULL,NULL,NULL,NULL,NULL,'2021-01-28 14:54:57',NULL,NULL,NULL),(51,'NABIL MSAHEL','EXTERNE',NULL,NULL,NULL,NULL,NULL,NULL,'2021-01-28 14:54:57',NULL,NULL,NULL),(52,'Mojahid IDELAAMEUR','EXTERNE',NULL,NULL,NULL,NULL,NULL,NULL,'2021-01-28 14:54:57',NULL,NULL,NULL),(53,'Mohamed salhi','EXTERNE',NULL,NULL,NULL,NULL,NULL,NULL,'2021-01-28 14:54:57',NULL,NULL,NULL),(54,'AYOUB MOURID','EXTERNE',NULL,NULL,NULL,NULL,NULL,NULL,'2021-01-28 14:54:57',NULL,NULL,NULL),(55,'YASSINE KHLAJI','EXTERNE',NULL,NULL,NULL,NULL,NULL,NULL,'2021-01-28 14:54:57',NULL,NULL,NULL),(56,'Abdelhamid El Baraka','EXTERNE',NULL,NULL,NULL,NULL,NULL,NULL,'2021-01-28 14:54:57',NULL,NULL,NULL),(57,'ADIL LAHLOU','EXTERNE',NULL,NULL,NULL,NULL,NULL,NULL,'2021-01-28 14:54:57',NULL,NULL,NULL),(58,'YAHYA NAHLI','EXTERNE',NULL,NULL,NULL,NULL,NULL,NULL,'2021-01-28 14:54:57',NULL,NULL,NULL),(59,'BOUAMER MOHAMED','EXTERNE',NULL,NULL,NULL,NULL,NULL,NULL,'2021-01-28 14:54:57',NULL,NULL,NULL),(60,'Mohamed BOUTESAINE','EXTERNE',NULL,NULL,NULL,NULL,NULL,NULL,'2021-01-28 14:54:57',NULL,NULL,NULL),(61,'BADRI Youness','EXTERNE',NULL,NULL,NULL,NULL,NULL,NULL,'2021-01-28 14:54:57',NULL,NULL,NULL),(62,'Said BENNIS','EXTERNE',NULL,NULL,NULL,NULL,NULL,NULL,'2021-01-28 14:54:57',NULL,NULL,NULL),(63,'FATIMA NADIRI','EXTERNE',NULL,NULL,NULL,NULL,NULL,NULL,'2021-01-28 14:54:57',NULL,NULL,NULL),(64,'khalis sophia','EXTERNE',NULL,NULL,NULL,NULL,NULL,NULL,'2021-01-28 14:54:57',NULL,NULL,NULL),(65,'EL HASNAOUI Mustapha','EXTERNE',NULL,NULL,NULL,NULL,NULL,NULL,'2021-01-28 14:54:57',NULL,NULL,NULL),(66,'Soufiane EL BAZ','EXTERNE',NULL,NULL,NULL,NULL,NULL,NULL,'2021-01-28 14:54:57',NULL,NULL,NULL),(67,'Oumaima Khachla ','EXTERNE',NULL,NULL,NULL,NULL,NULL,NULL,'2021-01-28 14:54:57',NULL,NULL,NULL),(68,'BOULAMARED Mohammed Amine ','EXTERNE',NULL,NULL,NULL,NULL,NULL,NULL,'2021-01-28 14:54:58',NULL,NULL,NULL),(69,'ADIL ECH CHABI','EXTERNE',NULL,NULL,NULL,NULL,NULL,NULL,'2021-01-28 14:54:58',NULL,NULL,NULL),(70,'FAIZI Fatima','EXTERNE',NULL,NULL,NULL,NULL,NULL,NULL,'2021-01-28 14:54:58',NULL,NULL,NULL),(71,'CHAKROUN HICHAM','EXTERNE',NULL,NULL,NULL,NULL,NULL,NULL,'2021-01-28 14:54:58',NULL,NULL,NULL),(72,'Khalid HACHIM','EXTERNE',NULL,NULL,NULL,NULL,NULL,NULL,'2021-01-28 14:54:58',NULL,NULL,NULL),(73,'Imane KARBICH','EXTERNE',NULL,NULL,NULL,NULL,NULL,NULL,'2021-01-28 14:54:58',NULL,NULL,NULL),(74,'LOUBNA BOUAOUDA ','EXTERNE',NULL,NULL,NULL,NULL,NULL,NULL,'2021-01-28 14:54:58',NULL,NULL,NULL),(75,'HACHIM IDRISSI YASSINE','EXTERNE',NULL,NULL,NULL,NULL,NULL,NULL,'2021-01-28 14:54:58',NULL,NULL,NULL),(76,'ZOUBAIR RHAMOUCH','EXTERNE',NULL,NULL,NULL,NULL,NULL,NULL,'2021-01-28 14:54:58',NULL,NULL,NULL),(77,'ABDELWAHED HOUBOUBY','EXTERNE',NULL,NULL,NULL,NULL,NULL,NULL,'2021-01-28 14:54:58',NULL,NULL,NULL),(78,'YOUSSEF BAGUI','EXTERNE',NULL,NULL,NULL,NULL,NULL,NULL,'2021-01-28 14:54:58',NULL,NULL,NULL),(79,'RIFAOUI SOUFIANE','EXTERNE',NULL,NULL,NULL,NULL,NULL,NULL,'2021-01-28 14:54:58',NULL,NULL,NULL),(80,'AMINE JAZOULI','EXTERNE',NULL,NULL,NULL,NULL,NULL,NULL,'2021-01-28 14:54:58',NULL,NULL,NULL),(81,'BIHMIDEN ELHOUSSEIN','EXTERNE',NULL,NULL,NULL,NULL,NULL,NULL,'2021-01-28 14:54:58',NULL,NULL,NULL),(82,'OTHMANE ADNOUN','EXTERNE',NULL,NULL,NULL,NULL,NULL,NULL,'2021-01-28 14:54:58',NULL,NULL,NULL),(83,'ABDESSAMAD HALLAL','EXTERNE',NULL,NULL,NULL,NULL,NULL,NULL,'2021-01-28 14:54:58',NULL,NULL,NULL),(84,'BOUZAIANE Mohamed jihad','EXTERNE',NULL,NULL,NULL,NULL,NULL,NULL,'2021-01-28 14:54:58',NULL,NULL,NULL),(85,'IMANE EZZOUHRI','EXTERNE',NULL,NULL,NULL,NULL,NULL,NULL,'2021-01-28 14:54:58',NULL,NULL,NULL),(86,'SAAD EL ALAMI TOUHAMI','EXTERNE',NULL,NULL,NULL,NULL,NULL,NULL,'2021-01-28 14:54:58',NULL,NULL,NULL),(87,'EELMAHFOUD ELHODAIGUI','EXTERNE',NULL,NULL,NULL,NULL,NULL,NULL,'2021-01-28 14:54:58',NULL,NULL,NULL),(88,'AMINE WARTI','EXTERNE',NULL,NULL,NULL,NULL,NULL,NULL,'2021-01-28 14:54:58',NULL,NULL,NULL),(89,'Mohammed ERRAMI','EXTERNE',NULL,NULL,NULL,NULL,NULL,NULL,'2021-01-28 14:54:58',NULL,NULL,NULL),(90,'NAYEF JGOUNNI','EXTERNE',NULL,NULL,NULL,NULL,NULL,NULL,'2021-01-28 14:54:58',NULL,NULL,NULL),(91,'QABIL BOUCHACHIA','EXTERNE',NULL,NULL,NULL,NULL,NULL,NULL,'2021-01-28 14:54:58',NULL,NULL,NULL),(92,'Gassim AMINE','EXTERNE',NULL,NULL,NULL,NULL,NULL,NULL,'2021-01-28 14:54:58',NULL,NULL,NULL),(93,'RHIZLANE BACHAR','EXTERNE',NULL,NULL,NULL,NULL,NULL,NULL,'2021-01-28 14:54:58',NULL,NULL,NULL),(94,'Youssef ALAOUI TALIBI','EXTERNE',NULL,NULL,NULL,NULL,NULL,NULL,'2021-01-28 14:54:58',NULL,NULL,NULL),(95,'ASSA YASSINE','EXTERNE',NULL,NULL,NULL,NULL,NULL,NULL,'2021-01-28 14:54:58',NULL,NULL,NULL),(96,'benziane mohamed','EXTERNE',NULL,NULL,NULL,NULL,NULL,NULL,'2021-01-28 14:54:58',NULL,NULL,NULL),(97,'BACHANE IMANE','EXTERNE',NULL,NULL,NULL,NULL,NULL,NULL,'2021-01-28 14:54:58',NULL,NULL,NULL),(98,'FOUAD BELAHCEN','EXTERNE',NULL,NULL,NULL,NULL,NULL,NULL,'2021-01-28 14:54:58',NULL,NULL,NULL),(99,'AMINE ALLAL','EXTERNE',NULL,NULL,NULL,NULL,NULL,NULL,'2021-01-28 14:54:58',NULL,NULL,NULL),(100,'Yassine benmoussa','EXTERNE',NULL,NULL,NULL,NULL,NULL,NULL,'2021-01-28 14:54:58',NULL,NULL,NULL),(101,'HICHAM SEMMOUNI','EXTERNE',NULL,NULL,NULL,NULL,NULL,NULL,'2021-01-28 14:54:58',NULL,NULL,NULL),(102,'SAMIR NAHRI','EXTERNE',NULL,NULL,NULL,NULL,NULL,NULL,'2021-01-28 14:54:58',NULL,NULL,NULL),(103,'LOUKMANE haj salem','EXTERNE',NULL,NULL,NULL,NULL,NULL,NULL,'2021-01-28 14:54:58',NULL,NULL,NULL),(104,'MELLOUKI BDELBASSET','EXTERNE',NULL,NULL,NULL,NULL,NULL,NULL,'2021-01-28 14:54:58',NULL,NULL,NULL),(105,'KARIM MISSOUN','EXTERNE',NULL,NULL,NULL,NULL,NULL,NULL,'2021-01-28 14:54:58',NULL,NULL,NULL),(106,'JOUNDI TARIK','EXTERNE',NULL,NULL,NULL,NULL,NULL,NULL,'2021-01-28 14:54:58',NULL,NULL,NULL),(107,'Naoufal elmorabit','EXTERNE',NULL,NULL,NULL,NULL,NULL,NULL,'2021-01-28 14:54:58',NULL,NULL,NULL),(108,'ADREBAZ MOHAMED','EXTERNE',NULL,NULL,NULL,NULL,NULL,NULL,'2021-01-28 14:54:58',NULL,NULL,NULL),(109,'mohamed amine ait ahmed','EXTERNE',NULL,NULL,NULL,NULL,NULL,NULL,'2021-01-28 14:54:58',NULL,NULL,NULL),(110,'IMRAN EL KARFI','EXTERNE',NULL,NULL,NULL,NULL,NULL,NULL,'2021-01-28 14:54:58',NULL,NULL,NULL),(111,'lamsaoueb soufiane','EXTERNE',NULL,NULL,NULL,NULL,NULL,NULL,'2021-01-28 14:54:58',NULL,NULL,NULL),(112,'ZAKARIA DARRAG','EXTERNE',NULL,NULL,NULL,NULL,NULL,NULL,'2021-01-28 14:54:58',NULL,NULL,NULL),(113,'MOHAMED RAMADAN HANAFI','EXTERNE',NULL,NULL,NULL,NULL,NULL,NULL,'2021-01-28 14:54:58',NULL,NULL,NULL),(114,'SOUFIANE GLIOUINE','EXTERNE',NULL,NULL,NULL,NULL,NULL,NULL,'2021-01-28 14:54:58',NULL,NULL,NULL),(115,'ISSAME HAMAOUI','EXTERNE',NULL,NULL,NULL,NULL,NULL,NULL,'2021-01-28 14:54:58',NULL,NULL,NULL),(116,'HAMZA BOUDRIKA','EXTERNE',NULL,NULL,NULL,NULL,NULL,NULL,'2021-01-28 14:54:58',NULL,NULL,NULL),(117,'Mariama LAKTAOUI','EXTERNE',NULL,NULL,NULL,NULL,NULL,NULL,'2021-01-28 14:54:58',NULL,NULL,NULL),(118,'Mohamed moudian','EXTERNE',NULL,NULL,NULL,NULL,NULL,NULL,'2021-01-28 14:54:58',NULL,NULL,NULL),(119,'Youssef Amzil','EXTERNE',NULL,NULL,NULL,NULL,NULL,NULL,'2021-01-28 14:54:59',NULL,NULL,NULL),(120,'Meriem Amellouk','EXTERNE',NULL,NULL,NULL,NULL,NULL,NULL,'2021-01-28 14:54:59',NULL,NULL,NULL),(121,'ASMAA DANOUN  ','EXTERNE',NULL,NULL,NULL,NULL,NULL,NULL,'2021-01-28 14:54:59',NULL,NULL,NULL),(122,'MOHAMED DAHMANI  ','EXTERNE',NULL,NULL,NULL,NULL,NULL,NULL,'2021-01-28 14:54:59',NULL,NULL,NULL),(123,'MAJAJ IMANE','INTERNE',NULL,NULL,NULL,NULL,NULL,NULL,'2021-01-28 14:54:59',NULL,NULL,NULL),(124,' Soukaina Hakmi','INTERNE',NULL,NULL,NULL,NULL,NULL,NULL,'2021-01-28 14:54:59',NULL,NULL,NULL),(125,'ELABID SAID','INTERNE',NULL,NULL,NULL,NULL,NULL,NULL,'2021-01-28 14:54:59',NULL,NULL,NULL),(126,'MERIEM MOUNJEDDINE','INTERNE',NULL,NULL,NULL,NULL,NULL,NULL,'2021-01-28 14:54:59',NULL,NULL,NULL),(127,' LOUARDI ASMAE','INTERNE',NULL,NULL,NULL,NULL,NULL,NULL,'2021-01-28 14:54:59',NULL,NULL,NULL),(128,' IDABDESLEM YOUSSEF','INTERNE',NULL,NULL,NULL,NULL,NULL,NULL,'2021-01-28 14:54:59',NULL,NULL,NULL),(129,' ELMECHRAFI  CHAIMAA','INTERNE',NULL,NULL,NULL,NULL,NULL,NULL,'2021-01-28 14:54:59',NULL,NULL,NULL),(130,'Consultant Test','externe',NULL,NULL,NULL,NULL,NULL,NULL,'2021-01-28 16:58:36',NULL,NULL,NULL),(131,'X consultant','externe',NULL,NULL,NULL,NULL,NULL,NULL,'2021-01-28 16:59:31',NULL,NULL,NULL),(132,'Consultant test 1 ',NULL,NULL,NULL,NULL,NULL,NULL,NULL,NULL,NULL,NULL,NULL),(133,'Consultant test 2',NULL,NULL,NULL,NULL,NULL,NULL,NULL,NULL,NULL,NULL,NULL),(134,'Consultant test 3',NULL,NULL,NULL,NULL,NULL,NULL,NULL,NULL,NULL,NULL,NULL),(135,'Consultant test 4',NULL,NULL,NULL,NULL,NULL,NULL,NULL,NULL,NULL,NULL,NULL),(136,'Consultant test 5',NULL,NULL,NULL,NULL,NULL,NULL,NULL,NULL,NULL,NULL,NULL),(137,'Consultant Test','externe',NULL,NULL,NULL,NULL,NULL,NULL,'2021-02-09 09:06:22',NULL,NULL,NULL);
/*!40000 ALTER TABLE `consultant` ENABLE KEYS */;
UNLOCK TABLES;

--
-- Table structure for table `departement`
--

DROP TABLE IF EXISTS `departement`;
/*!40101 SET @saved_cs_client     = @@character_set_client */;
/*!40101 SET character_set_client = utf8 */;
CREATE TABLE `departement` (
  `id` int(11) NOT NULL AUTO_INCREMENT,
  `id_client` int(11) DEFAULT NULL,
  `nom` varchar(255) COLLATE utf8_unicode_ci DEFAULT NULL,
  `email` varchar(255) COLLATE utf8_unicode_ci DEFAULT NULL,
  `tel` varchar(255) COLLATE utf8_unicode_ci DEFAULT NULL,
  `updated_at` datetime DEFAULT NULL,
  `date_ceation` datetime DEFAULT NULL,
  PRIMARY KEY (`id`),
  KEY `IDX_C1765B63E173B1B8` (`id_client`),
  CONSTRAINT `FK_C1765B63E173B1B8` FOREIGN KEY (`id_client`) REFERENCES `client` (`id`)
) ENGINE=InnoDB AUTO_INCREMENT=3 DEFAULT CHARSET=utf8 COLLATE=utf8_unicode_ci;
/*!40101 SET character_set_client = @saved_cs_client */;

--
-- Dumping data for table `departement`
--

LOCK TABLES `departement` WRITE;
/*!40000 ALTER TABLE `departement` DISABLE KEYS */;
INSERT INTO `departement` VALUES (1,2,'SI','si@mail.com','0652525252',NULL,NULL),(2,2,'FIBRE','orange_fibre@orange.com','06555656565',NULL,NULL);
/*!40000 ALTER TABLE `departement` ENABLE KEYS */;
UNLOCK TABLES;

--
-- Table structure for table `detailvirement`
--

DROP TABLE IF EXISTS `detailvirement`;
/*!40101 SET @saved_cs_client     = @@character_set_client */;
/*!40101 SET character_set_client = utf8 */;
CREATE TABLE `detailvirement` (
  `id` int(11) NOT NULL AUTO_INCREMENT,
  `id_fournisseur` int(11) DEFAULT NULL,
  `priorite` int(11) DEFAULT NULL,
  `total` double DEFAULT NULL,
  `id_virementf` int(11) DEFAULT NULL,
  `updated_at` datetime DEFAULT NULL,
  `date_ceation` datetime DEFAULT NULL,
  PRIMARY KEY (`id`),
  KEY `IDX_3ECAAE0E2E8C07C5` (`id_fournisseur`),
  KEY `IDX_3ECAAE0EC97EDCD5` (`id_virementf`),
  CONSTRAINT `FK_3ECAAE0E2E8C07C5` FOREIGN KEY (`id_fournisseur`) REFERENCES `fournisseur` (`id`),
  CONSTRAINT `FK_3ECAAE0EC97EDCD5` FOREIGN KEY (`id_virementf`) REFERENCES `virementf` (`id`)
) ENGINE=InnoDB AUTO_INCREMENT=7 DEFAULT CHARSET=utf8 COLLATE=utf8_unicode_ci;
/*!40101 SET character_set_client = @saved_cs_client */;

--
-- Dumping data for table `detailvirement`
--

LOCK TABLES `detailvirement` WRITE;
/*!40000 ALTER TABLE `detailvirement` DISABLE KEYS */;
INSERT INTO `detailvirement` VALUES (1,3,NULL,43200,1,NULL,'2021-02-05 13:23:27'),(2,15,NULL,52800,1,NULL,'2021-02-05 13:23:27'),(3,6,NULL,32649.6,2,NULL,'2021-02-05 13:25:15'),(4,15,NULL,27600,2,NULL,'2021-02-05 13:25:15'),(5,15,NULL,52800,3,NULL,'2021-02-09 09:32:48'),(6,18,NULL,30240,3,NULL,'2021-02-09 09:32:48');
/*!40000 ALTER TABLE `detailvirement` ENABLE KEYS */;
UNLOCK TABLES;

--
-- Table structure for table `facture`
--

DROP TABLE IF EXISTS `facture`;
/*!40101 SET @saved_cs_client     = @@character_set_client */;
/*!40101 SET character_set_client = utf8 */;
CREATE TABLE `facture` (
  `id` int(11) NOT NULL AUTO_INCREMENT,
  `etat` varchar(255) COLLATE utf8_unicode_ci DEFAULT NULL,
  `mois` int(11) DEFAULT NULL,
  `id_consultant` int(11) DEFAULT NULL,
  `id_client` int(11) DEFAULT NULL,
  `id_bcclient` int(11) DEFAULT NULL,
  `date` date DEFAULT NULL,
  `total_HT` double DEFAULT NULL,
  `total_TTC` double DEFAULT NULL,
  `nb_jours` double DEFAULT NULL,
  `id_mission` int(11) DEFAULT NULL,
  `taxe` double DEFAULT NULL,
  `numero` varchar(255) COLLATE utf8_unicode_ci DEFAULT NULL,
  `updated_at` datetime DEFAULT NULL,
  `date_ceation` datetime DEFAULT NULL,
  `total_DH` double DEFAULT NULL,
  `year` int(11) DEFAULT NULL,
  `id_compte_bancaire` int(11) DEFAULT NULL,
  `id_projet` int(11) DEFAULT NULL,
  `date_debut` date DEFAULT NULL,
  `date_fin` date DEFAULT NULL,
  `document_name` varchar(255) COLLATE utf8_unicode_ci DEFAULT NULL,
  `id_added_by` int(11) DEFAULT NULL,
  `id_edited_by` int(11) DEFAULT NULL,
  PRIMARY KEY (`id`),
  KEY `IDX_FE866410E1980276` (`id_consultant`),
  KEY `IDX_FE866410E173B1B8` (`id_client`),
  KEY `IDX_FE8664106BEF67B4` (`id_bcclient`),
  KEY `IDX_FE8664104EFA5B4C` (`id_mission`),
  KEY `IDX_FE866410B9E2E256` (`id_compte_bancaire`),
  KEY `IDX_FE86641076222944` (`id_projet`),
  KEY `IDX_FE8664103940873A` (`id_added_by`),
  KEY `IDX_FE8664105690B59B` (`id_edited_by`),
  CONSTRAINT `FK_FE8664103940873A` FOREIGN KEY (`id_added_by`) REFERENCES `fos_user` (`id`),
  CONSTRAINT `FK_FE8664104EFA5B4C` FOREIGN KEY (`id_mission`) REFERENCES `mission` (`id`),
  CONSTRAINT `FK_FE8664105690B59B` FOREIGN KEY (`id_edited_by`) REFERENCES `fos_user` (`id`),
  CONSTRAINT `FK_FE8664106BEF67B4` FOREIGN KEY (`id_bcclient`) REFERENCES `bcclient` (`id`),
  CONSTRAINT `FK_FE86641076222944` FOREIGN KEY (`id_projet`) REFERENCES `projet` (`id`),
  CONSTRAINT `FK_FE866410B9E2E256` FOREIGN KEY (`id_compte_bancaire`) REFERENCES `compte_bancaire` (`id`),
  CONSTRAINT `FK_FE866410E173B1B8` FOREIGN KEY (`id_client`) REFERENCES `client` (`id`),
  CONSTRAINT `FK_FE866410E1980276` FOREIGN KEY (`id_consultant`) REFERENCES `consultant` (`id`)
) ENGINE=InnoDB AUTO_INCREMENT=47 DEFAULT CHARSET=utf8 COLLATE=utf8_unicode_ci;
/*!40101 SET character_set_client = @saved_cs_client */;

--
-- Dumping data for table `facture`
--

LOCK TABLES `facture` WRITE;
/*!40000 ALTER TABLE `facture` DISABLE KEYS */;
INSERT INTO `facture` VALUES (1,'payé',1,NULL,5,NULL,'2021-01-31',129760,155712,NULL,NULL,25952,'H3K-21-01-001','2021-03-05 15:59:56','2021-02-01 11:45:16',NULL,2021,1,1,'2021-02-01','2021-02-01','Input_Raccordement (1).xlsx',NULL,NULL),(2,'payé',1,NULL,14,NULL,'2021-01-31',118100,141720,NULL,NULL,23620,'H3K-21-01-002',NULL,'2021-02-01 11:48:08',NULL,2021,1,2,'2021-02-01','2021-02-01',NULL,NULL,NULL),(4,'payé',1,8,10,NULL,NULL,62100,74520,23,8,12420,'H3K-21-01-004',NULL,'2021-02-01 13:22:06',NULL,2021,1,NULL,NULL,NULL,NULL,NULL,NULL),(5,NULL,1,90,8,90,NULL,121072,145286.4,23,90,21620,'H3K-21-01-005',NULL,'2021-02-01 14:34:49',NULL,2021,1,NULL,NULL,NULL,NULL,NULL,NULL),(6,NULL,NULL,90,8,90,NULL,108100,129720,23,90,21620,'H3K-21-00-001',NULL,'2021-02-01 14:54:59',NULL,2021,1,NULL,NULL,NULL,NULL,NULL,NULL),(7,NULL,1,90,8,90,'2021-03-08',108100,129720,23,90,21620,'H3K-21-00-002','2021-03-09 14:28:28','2021-02-01 15:00:24',NULL,2021,1,NULL,NULL,NULL,NULL,NULL,1),(8,NULL,NULL,90,8,90,NULL,116090,139308,23,90,21620,'H3K-21-00-003',NULL,'2021-02-01 15:08:13',NULL,2021,1,NULL,NULL,NULL,NULL,NULL,NULL),(9,NULL,2,90,8,90,'2021-02-01',106948.5,128338.2,20,90,18800,'H3K-21-02-001',NULL,'2021-02-01 15:16:14',NULL,2021,1,NULL,NULL,NULL,NULL,NULL,NULL),(10,'payé',5,90,8,90,'2021-02-01',1146010,137531.9,20,90,18800.5,'H3K-21-05-001',NULL,'2021-02-01 15:41:04',NULL,2021,1,NULL,NULL,NULL,NULL,NULL,NULL),(11,NULL,NULL,90,8,90,NULL,103400,124080,22,90,20680,'H3K-21-00-004',NULL,'2021-02-01 15:49:53',NULL,2021,1,NULL,NULL,NULL,NULL,NULL,NULL),(12,NULL,8,90,8,90,NULL,121095.5,145314.6,22,90,20680,'H3K-21-08-001',NULL,'2021-02-01 15:59:22',NULL,2021,1,NULL,NULL,NULL,NULL,NULL,NULL),(13,NULL,NULL,90,8,5,NULL,30930,37116,23,105,5520,'H3K-21-00-005',NULL,'2021-02-01 16:04:07',NULL,2021,1,NULL,NULL,NULL,NULL,NULL,NULL),(14,NULL,1,1,10,NULL,'2021-02-05',NULL,NULL,22,1,NULL,NULL,NULL,'2021-02-05 10:49:02',NULL,2021,1,NULL,NULL,NULL,NULL,NULL,NULL),(15,NULL,1,1,10,NULL,'2021-02-05',NULL,NULL,22,1,NULL,NULL,NULL,'2021-02-05 10:49:29',NULL,2021,1,NULL,NULL,NULL,NULL,NULL,NULL),(16,NULL,1,1,10,NULL,'2021-02-05',NULL,NULL,22,1,NULL,NULL,NULL,'2021-02-05 10:50:21',NULL,2021,1,NULL,NULL,NULL,NULL,NULL,NULL),(17,NULL,2,1,10,NULL,'2021-03-04',1536800,1844160,20,1,307360,'H3K-21-02-002',NULL,'2021-02-05 11:01:25',NULL,2021,1,NULL,NULL,NULL,NULL,NULL,NULL),(18,NULL,1,37,10,NULL,'2021-04-08',34500,41400,23,37,6900,'H3K-21-04-001',NULL,'2021-02-05 11:07:29',NULL,2021,1,NULL,NULL,NULL,NULL,NULL,NULL),(19,'non payé',1,NULL,14,NULL,'2021-05-01',56000,67200,NULL,NULL,11200,'H3K-21-05-000',NULL,'2021-02-05 11:11:38',NULL,2021,1,2,NULL,NULL,NULL,NULL,NULL),(20,'non payé',1,NULL,14,NULL,'2021-05-06',118500,142200,NULL,NULL,23700,'H3K-21-05-002',NULL,'2021-02-05 11:12:46',NULL,2021,1,2,NULL,NULL,NULL,NULL,NULL),(21,'non payé',1,NULL,5,NULL,'2021-06-09',127380,152856,NULL,NULL,25476,'H3K-21-06-001',NULL,'2021-02-05 11:26:49',NULL,2021,1,1,'2021-02-05','2021-02-05',NULL,NULL,NULL),(22,NULL,1,137,18,107,'2021-02-09',31500,37800,21,106,6300,'H3K-21-02-006',NULL,'2021-02-09 09:26:51',NULL,2021,1,NULL,NULL,NULL,NULL,NULL,NULL),(23,'non payé',1,NULL,18,NULL,'2021-02-09',100900,121080,NULL,NULL,20180,'H3K-21-02-007',NULL,'2021-02-09 09:48:36',NULL,2021,1,3,NULL,NULL,NULL,NULL,NULL),(24,NULL,1,47,1,47,'2021-02-08',54000,64800,20,47,9600,'H3K-21-02-008',NULL,'2021-02-09 09:59:55',NULL,2021,1,NULL,NULL,NULL,NULL,NULL,NULL),(26,'non payé',1,NULL,5,NULL,'2021-02-10',215837.58,259005.096,NULL,NULL,43167.516,'H3K-21-02-010',NULL,'2021-02-10 15:48:21',NULL,2021,1,1,'2021-02-10','2021-02-10',NULL,NULL,NULL),(27,'non payé',1,NULL,5,NULL,'2021-02-10',211816,254179.2,NULL,NULL,42363.2,'H3K-21-02-011',NULL,'2021-02-10 16:16:25',NULL,2021,1,1,'2021-02-10','2021-02-10',NULL,NULL,NULL),(28,'non payé',1,NULL,5,NULL,'2021-02-10',211816,254179.2,NULL,NULL,42363.2,'H3K-21-02-012',NULL,'2021-02-10 16:16:27',NULL,2021,1,1,'2021-02-10','2021-02-10',NULL,NULL,NULL),(29,NULL,2,36,10,NULL,'2021-03-02',28000,33600,20,36,5600,'H3K-21-03-002',NULL,'2021-03-02 11:21:17',NULL,2021,1,NULL,NULL,NULL,NULL,NULL,NULL),(30,'non payé',1,NULL,5,NULL,'2021-03-02',132140,158568,NULL,NULL,26428,'H3K-21-03-003',NULL,'2021-03-02 11:47:17',NULL,2021,1,1,'2021-03-02','2021-03-31',NULL,NULL,NULL),(31,'non payé',1,NULL,5,NULL,'2021-03-03',124100,148920,NULL,NULL,24820,'H3K-21-03-004',NULL,'2021-03-03 09:32:20',NULL,2021,1,4,'2021-03-03','2021-03-03',NULL,NULL,NULL),(32,'non payé',1,NULL,5,NULL,'2021-03-24',79560,95472,NULL,NULL,15912,'H3K-21-03-005',NULL,'2021-03-03 10:32:35',NULL,2021,1,4,'2021-03-03','2021-03-03',NULL,NULL,NULL),(33,'non payé',1,NULL,5,NULL,'2021-03-24',79560,95472,NULL,NULL,15912,'H3K-21-03-006',NULL,'2021-03-03 11:00:57',NULL,2021,1,4,'2021-03-03','2021-03-03',NULL,NULL,NULL),(34,'non payé',1,NULL,5,NULL,'2021-03-24',79560,95472,NULL,NULL,15912,'H3K-21-03-007',NULL,'2021-03-03 11:41:26',NULL,2021,1,4,'2021-03-03','2021-03-03',NULL,NULL,NULL),(35,'non payé',2,NULL,5,NULL,'2021-03-03',114920,137904,NULL,NULL,22984,'H3K-21-03-008',NULL,'2021-03-03 14:47:04',NULL,2021,1,4,'2021-03-03','2021-03-03',NULL,NULL,NULL),(36,NULL,2,38,10,NULL,'2021-03-03',34000,40800,20,38,6800,'H3K-21-03-009',NULL,'2021-03-03 14:57:58',NULL,2021,1,NULL,NULL,NULL,NULL,NULL,NULL),(37,'non payé',3,NULL,5,NULL,'2021-03-03',148380,178056,NULL,NULL,29676,'H3K-21-03-010',NULL,'2021-03-03 15:03:02',NULL,2021,1,NULL,'2021-03-03','2021-03-03',NULL,NULL,NULL),(38,'non payé',4,NULL,5,NULL,'2021-03-03',133730,160476,NULL,NULL,26746,'H3K-21-03-011',NULL,'2021-03-03 15:28:27',NULL,2021,1,4,'2021-03-03','2021-03-03',NULL,NULL,NULL),(40,NULL,2,40,10,NULL,NULL,NULL,NULL,19,40,NULL,NULL,NULL,'2021-03-03 15:59:07',NULL,2021,1,NULL,NULL,NULL,NULL,NULL,NULL),(41,NULL,NULL,40,10,NULL,'2021-03-03',19000,22800,19,40,3800,'H3K-21-03-013',NULL,'2021-03-03 15:59:25',NULL,2021,1,NULL,NULL,NULL,NULL,NULL,NULL),(42,NULL,4,40,10,NULL,'2021-03-03',19000,22800,19,40,3800,'H3K-21-03-014',NULL,'2021-03-03 16:09:19',NULL,2021,1,NULL,NULL,NULL,NULL,NULL,NULL),(43,'non payé',5,40,10,NULL,'2021-03-03',19000,22800,19,40,3800,'H3K-21-03-015',NULL,'2021-03-03 16:13:37',NULL,2021,1,NULL,NULL,NULL,NULL,NULL,NULL),(45,'non payé',5,NULL,14,NULL,'2021-03-09',62900,75480,NULL,NULL,12580,'H3K-21-03-017',NULL,'2021-03-04 15:18:55',NULL,2021,1,2,NULL,NULL,NULL,NULL,NULL),(46,'non payé',2,48,1,48,'2021-03-08',57500,69000,25,48,11500,'H3K-21-03-019',NULL,'2021-03-08 11:16:07',NULL,2021,1,2,NULL,NULL,NULL,NULL,NULL);
/*!40000 ALTER TABLE `facture` ENABLE KEYS */;
UNLOCK TABLES;

--
-- Table structure for table `facture_fournisseur`
--

DROP TABLE IF EXISTS `facture_fournisseur`;
/*!40101 SET @saved_cs_client     = @@character_set_client */;
/*!40101 SET character_set_client = utf8 */;
CREATE TABLE `facture_fournisseur` (
  `id` int(11) NOT NULL AUTO_INCREMENT,
  `id_fournisseur` int(11) DEFAULT NULL,
  `id_mission` int(11) DEFAULT NULL,
  `achatHT` double DEFAULT NULL,
  `nb_jours` int(11) DEFAULT NULL,
  `mois` int(11) DEFAULT NULL,
  `year` int(11) DEFAULT NULL,
  `achatTTC` double DEFAULT NULL,
  `taxe` double DEFAULT NULL,
  `factureFournisseur` varchar(255) COLLATE utf8_unicode_ci DEFAULT NULL,
  `etat` varchar(255) COLLATE utf8_unicode_ci DEFAULT NULL,
  `date` date DEFAULT NULL,
  `document_name` varchar(255) COLLATE utf8_unicode_ci DEFAULT NULL,
  `updated_at` datetime DEFAULT NULL,
  `date_ceation` datetime DEFAULT NULL,
  `id_bcfournisseur` int(11) DEFAULT NULL,
  `numero` varchar(255) COLLATE utf8_unicode_ci DEFAULT NULL,
  `id_consultant` int(11) DEFAULT NULL,
  `id_projet` int(11) DEFAULT NULL,
  `id_facture` int(11) DEFAULT NULL,
  PRIMARY KEY (`id`),
  KEY `IDX_311911C42E8C07C5` (`id_fournisseur`),
  KEY `IDX_311911C44EFA5B4C` (`id_mission`),
  KEY `IDX_311911C4DD263DD4` (`id_bcfournisseur`),
  KEY `IDX_311911C4E1980276` (`id_consultant`),
  KEY `IDX_311911C476222944` (`id_projet`),
  KEY `IDX_311911C4201BCD60` (`id_facture`),
  CONSTRAINT `FK_311911C4201BCD60` FOREIGN KEY (`id_facture`) REFERENCES `facture` (`id`),
  CONSTRAINT `FK_311911C42E8C07C5` FOREIGN KEY (`id_fournisseur`) REFERENCES `fournisseur` (`id`),
  CONSTRAINT `FK_311911C44EFA5B4C` FOREIGN KEY (`id_mission`) REFERENCES `mission` (`id`),
  CONSTRAINT `FK_311911C476222944` FOREIGN KEY (`id_projet`) REFERENCES `projet` (`id`),
  CONSTRAINT `FK_311911C4DD263DD4` FOREIGN KEY (`id_bcfournisseur`) REFERENCES `bcfournisseur` (`id`),
  CONSTRAINT `FK_311911C4E1980276` FOREIGN KEY (`id_consultant`) REFERENCES `consultant` (`id`)
) ENGINE=InnoDB AUTO_INCREMENT=82 DEFAULT CHARSET=utf8 COLLATE=utf8_unicode_ci;
/*!40101 SET character_set_client = @saved_cs_client */;

--
-- Dumping data for table `facture_fournisseur`
--

LOCK TABLES `facture_fournisseur` WRITE;
/*!40000 ALTER TABLE `facture_fournisseur` DISABLE KEYS */;
INSERT INTO `facture_fournisseur` VALUES (1,1,NULL,23000,23,1,2021,27600,4600,NULL,'non payé','2021-02-01','Input_Raccordement.xlsx','2021-03-05 11:19:20',NULL,1,'H3K-21-01-002',1,1,NULL),(2,3,NULL,36000,24,1,2021,43200,7200,NULL,'Payé','2021-02-01','RFO  Demandes (5).xlsx','2021-03-05 11:25:30',NULL,2,'H3K-21-01-005',6,1,NULL),(3,15,NULL,44000,22,1,2021,52800,8800,NULL,'Payé','2021-02-01',NULL,NULL,NULL,3,'H3K-21-01-003',19,1,NULL),(4,3,NULL,22000,22,1,2021,26400,4400,NULL,'non payé','2021-02-01',NULL,NULL,NULL,4,'H3K-21-01-004',3,2,NULL),(5,13,NULL,44000,22,1,2021,52800,8800,NULL,'non payé','2021-02-01',NULL,NULL,NULL,5,'H3K-21-01-005',18,2,NULL),(6,15,NULL,23000,23,1,2021,27600,4600,NULL,'Payé','2021-02-01',NULL,NULL,NULL,6,'H3K-21-01-006',17,2,NULL),(7,6,105,24604,24,1,2021,32649.6,8045.6,NULL,'Payé','2021-02-01',NULL,NULL,NULL,7,NULL,90,NULL,NULL),(8,3,8,0,23,1,2021,0,0,NULL,'non payé','2021-02-01',NULL,NULL,NULL,8,NULL,8,NULL,NULL),(9,9,90,92000,23,1,2021,110400,18400,NULL,'non payé','2021-02-01',NULL,NULL,NULL,9,NULL,90,NULL,NULL),(10,9,90,99560,24,NULL,2021,128544,28984,NULL,'non payé','2021-02-01',NULL,NULL,NULL,10,NULL,90,NULL,NULL),(11,9,90,100160,24,NULL,2021,129984,29824,NULL,'non payé','2021-02-01',NULL,NULL,NULL,11,NULL,90,NULL,NULL),(12,9,90,93224,22,2,2021,127737.6,34513.6,NULL,'non payé','2021-02-01',NULL,NULL,NULL,12,NULL,90,NULL,NULL),(13,9,90,101048,24,5,2021,121257.6,20209.6,NULL,'non payé','2021-02-01',NULL,NULL,NULL,13,NULL,90,NULL,NULL),(14,9,90,88000,22,NULL,2021,105600,17600,NULL,'non payé','2021-02-01',NULL,NULL,NULL,14,NULL,90,NULL,NULL),(15,9,90,103060,25,8,2021,145358.4,42298.4,NULL,'non payé','2021-02-01',NULL,NULL,NULL,15,NULL,90,NULL,NULL),(16,6,105,25775,25,NULL,2021,34926,9151,NULL,'non payé','2021-02-01',NULL,NULL,NULL,16,NULL,90,NULL,NULL),(17,NULL,1,0,20,2,2021,0,0,NULL,'non payé','2021-02-05',NULL,NULL,NULL,17,NULL,1,NULL,NULL),(18,3,37,33580,23,1,2021,40296,6716,NULL,'non payé','2021-02-05',NULL,NULL,NULL,18,NULL,37,NULL,NULL),(19,3,NULL,20000,20,1,2021,24000,4000,NULL,'non payé','2021-02-05',NULL,NULL,NULL,19,'H3K-21-01-011',3,2,NULL),(20,13,NULL,12000,6,1,2021,14400,2400,NULL,'non payé','2021-02-05',NULL,NULL,NULL,20,'H3K-21-01-012',18,2,NULL),(21,15,NULL,10000,10,1,2021,12000,2000,NULL,'non payé','2021-02-05',NULL,NULL,NULL,21,'H3K-21-01-013',17,2,NULL),(22,3,NULL,20000,20,1,2021,24000,4000,NULL,'non payé','2021-02-05',NULL,NULL,NULL,22,'H3K-21-01-014',3,2,NULL),(23,13,NULL,50000,25,1,2021,60000,10000,NULL,'non payé','2021-02-05',NULL,NULL,NULL,23,'H3K-21-01-015',18,2,NULL),(24,15,NULL,20000,20,1,2021,24000,4000,NULL,'non payé','2021-02-05',NULL,NULL,NULL,24,'H3K-21-01-016',17,2,NULL),(25,1,NULL,23000,23,1,2021,27600,4600,NULL,'non payé','2021-02-05',NULL,NULL,NULL,25,'F-21-01-017',1,1,NULL),(26,3,NULL,34500,23,1,2021,41400,6900,NULL,'non payé','2021-02-05',NULL,NULL,NULL,26,'F-21-01-018',6,1,NULL),(27,15,NULL,44000,22,1,2021,52800,8800,NULL,'Payé','2021-02-05',NULL,NULL,NULL,27,'F-21-01-019',19,1,NULL),(28,18,106,25200,21,1,2021,30240,5040,NULL,'Payé','2021-02-09',NULL,NULL,NULL,28,NULL,137,NULL,NULL),(29,2,NULL,20000,20,1,2021,24000,4000,NULL,'non payé','2021-02-09',NULL,NULL,NULL,29,'F-21-01-021',1,3,NULL),(30,4,NULL,23100,21,1,2021,27720,4620,NULL,'non payé','2021-02-09',NULL,NULL,NULL,30,'F-21-01-022',2,3,NULL),(31,7,NULL,44000,22,1,2021,52800,8800,NULL,'non payé','2021-02-09',NULL,NULL,NULL,31,'F-21-01-023',3,3,NULL),(32,4,47,49612.5,22,1,2021,67473,17860.5,NULL,'non payé','2021-02-09',NULL,NULL,NULL,32,NULL,47,NULL,NULL),(33,1,NULL,23000,23,1,2021,27600,4600,NULL,'non payé','2021-02-10',NULL,NULL,NULL,33,'F-21-01-025',1,1,NULL),(34,3,NULL,19500,13,1,2021,23400,3900,NULL,'non payé','2021-02-10',NULL,NULL,NULL,34,'F-21-01-026',6,1,NULL),(35,15,NULL,44000,22,1,2021,52800,8800,NULL,'non payé','2021-02-10',NULL,NULL,NULL,35,'F-21-01-027',19,1,NULL),(36,1,NULL,20123,20,1,2021,24147.6,4024.6,NULL,'non payé','2021-02-10',NULL,NULL,NULL,36,'F-21-01-028',1,1,NULL),(37,3,NULL,138588,92,1,2021,166305.6,27717.6,NULL,'non payé','2021-02-10',NULL,NULL,NULL,37,'F-21-01-029',6,1,NULL),(38,15,NULL,16404,8,1,2021,19684.8,3280.8,NULL,'non payé','2021-02-10',NULL,NULL,NULL,38,'F-21-01-030',19,1,NULL),(39,4,36,20900,20,2,2021,25080,4180,NULL,'non payé','2021-03-02',NULL,NULL,NULL,39,NULL,36,NULL,NULL),(50,NULL,NULL,12000,12,1,2021,14400,2400,NULL,'non payé','2021-03-03',NULL,NULL,NULL,50,'F-21-01-031',1,4,NULL),(51,NULL,NULL,14000,14,1,2021,16800,2800,NULL,'non payé','2021-03-03',NULL,NULL,NULL,51,'F-21-01-032',2,4,NULL),(52,NULL,NULL,16000,16,1,2021,19200,3200,NULL,'non payé','2021-03-03',NULL,NULL,NULL,52,'F-21-01-033',3,4,NULL),(53,1,NULL,12000,12,1,2021,14400,2400,NULL,'non payé','2021-03-03',NULL,NULL,NULL,53,'F-21-01-034',1,4,NULL),(54,2,NULL,14000,14,1,2021,16800,2800,NULL,'non payé','2021-03-03',NULL,NULL,NULL,54,'F-21-01-035',2,4,NULL),(55,3,NULL,16000,16,1,2021,19200,3200,NULL,'non payé','2021-03-03',NULL,NULL,NULL,55,'F-21-01-036',3,4,NULL),(56,1,NULL,23000,23,2,2021,27600,4600,NULL,'non payé','2021-03-03',NULL,NULL,NULL,56,'F-21-02-004',1,4,NULL),(57,2,NULL,21000,21,2,2021,25200,4200,NULL,'non payé','2021-03-03',NULL,NULL,NULL,57,'F-21-02-005',2,4,NULL),(58,3,NULL,22000,22,2,2021,26400,4400,NULL,'non payé','2021-03-03',NULL,NULL,NULL,58,'F-21-02-006',3,4,NULL),(59,13,38,29600,20,2,2021,35520,5920,NULL,'non payé','2021-03-03',NULL,NULL,NULL,59,NULL,38,NULL,NULL),(60,1,NULL,26000,26,3,2021,31200,5200,NULL,'non payé','2021-03-03',NULL,NULL,NULL,60,'F-21-03-001',1,4,NULL),(61,2,NULL,24000,24,3,2021,28800,4800,NULL,'non payé','2021-03-03',NULL,NULL,NULL,61,'F-21-03-002',2,4,NULL),(62,3,NULL,30000,20,3,2021,36000,6000,NULL,'non payé','2021-03-03',NULL,NULL,NULL,62,'F-21-03-003',3,4,NULL),(63,1,NULL,27000,27,4,2021,32400,5400,NULL,'non payé','2021-03-03',NULL,NULL,NULL,63,'F-21-04-001',1,4,NULL),(64,2,NULL,21000,21,4,2021,25200,4200,NULL,'non payé','2021-03-03',NULL,NULL,NULL,64,'F-21-04-002',2,4,NULL),(65,3,NULL,34500,23,4,2021,41400,6900,NULL,'non payé','2021-03-03',NULL,NULL,NULL,65,'F-21-04-003',3,4,NULL),(66,1,NULL,27000,27,5,2021,32400,5400,NULL,'non payé','2021-03-03',NULL,NULL,NULL,66,'F-21-05-002',1,4,NULL),(67,2,NULL,21000,21,5,2021,25200,4200,NULL,'non payé','2021-03-03',NULL,NULL,NULL,67,'F-21-05-003',2,4,NULL),(68,3,NULL,34500,23,5,2021,41400,6900,NULL,'non payé','2021-03-03',NULL,NULL,NULL,68,'F-21-05-004',3,4,NULL),(69,4,40,17860,19,NULL,2021,21432,3572,NULL,'non payé','2021-03-03',NULL,NULL,NULL,69,NULL,40,NULL,NULL),(70,4,40,17860,19,4,2021,21432,3572,NULL,'non payé','2021-03-03',NULL,NULL,NULL,70,NULL,40,NULL,NULL),(71,4,40,17860,19,5,2021,21432,3572,NULL,'non payé','2021-03-03',NULL,NULL,NULL,71,NULL,40,NULL,NULL),(72,3,NULL,20000,20,3,2021,24000,4000,NULL,'non payé','2021-03-04',NULL,NULL,NULL,72,'F-21-03-004',3,2,NULL),(73,15,NULL,6000,6,3,2021,7200,1200,NULL,'non payé','2021-03-04',NULL,NULL,NULL,73,'F-21-03-005',17,2,NULL),(74,13,NULL,20000,10,3,2021,24000,4000,NULL,'non payé','2021-03-04',NULL,NULL,NULL,74,'F-21-03-006',18,2,NULL),(75,3,NULL,20000,20,3,2021,24000,4000,NULL,'non payé','2021-03-04',NULL,NULL,NULL,75,'F-21-03-007',3,2,NULL),(76,15,NULL,6000,6,3,2021,7200,1200,NULL,'non payé','2021-03-04',NULL,NULL,NULL,76,'F-21-03-008',17,2,NULL),(77,13,NULL,20000,10,3,2021,24000,4000,NULL,'non payé','2021-03-04',NULL,NULL,NULL,77,'F-21-03-009',18,2,NULL),(78,3,NULL,20000,20,5,2021,24000,4000,NULL,'non payé','2021-03-04',NULL,NULL,NULL,78,'F-21-05-006',3,2,NULL),(79,15,NULL,10000,10,5,2021,12000,2000,NULL,'non payé','2021-03-04',NULL,NULL,NULL,79,'F-21-05-007',17,2,NULL),(80,13,NULL,12000,6,5,2021,14400,2400,NULL,'non payé','2021-03-04',NULL,NULL,NULL,80,'F-21-05-008',18,2,NULL),(81,4,48,53125,25,2,2021,63750,10625,NULL,'non payé','2021-03-08',NULL,NULL,'2021-03-08 11:16:07',81,NULL,48,NULL,NULL);
/*!40000 ALTER TABLE `facture_fournisseur` ENABLE KEYS */;
UNLOCK TABLES;

--
-- Table structure for table `facture_hsup`
--

DROP TABLE IF EXISTS `facture_hsup`;
/*!40101 SET @saved_cs_client     = @@character_set_client */;
/*!40101 SET character_set_client = utf8 */;
CREATE TABLE `facture_hsup` (
  `id` int(11) NOT NULL AUTO_INCREMENT,
  `id_facture` int(11) DEFAULT NULL,
  `id_heuresup` int(11) DEFAULT NULL,
  `nbjour` double DEFAULT NULL,
  `nbheure` double DEFAULT NULL,
  `totalHT` double DEFAULT NULL,
  `totalTTC` double DEFAULT NULL,
  `id_bcfournisseur` int(11) DEFAULT NULL,
  `id_facture_fournisseur` int(11) DEFAULT NULL,
  PRIMARY KEY (`id`),
  KEY `IDX_6D2A06BA201BCD60` (`id_facture`),
  KEY `IDX_6D2A06BA6F86E9DA` (`id_heuresup`),
  KEY `IDX_6D2A06BADD263DD4` (`id_bcfournisseur`),
  KEY `IDX_6D2A06BA77F38D0F` (`id_facture_fournisseur`),
  CONSTRAINT `FK_6D2A06BA201BCD60` FOREIGN KEY (`id_facture`) REFERENCES `facture` (`id`),
  CONSTRAINT `FK_6D2A06BA6F86E9DA` FOREIGN KEY (`id_heuresup`) REFERENCES `heuresup` (`id`),
  CONSTRAINT `FK_6D2A06BA77F38D0F` FOREIGN KEY (`id_facture_fournisseur`) REFERENCES `facture_fournisseur` (`id`),
  CONSTRAINT `FK_6D2A06BADD263DD4` FOREIGN KEY (`id_bcfournisseur`) REFERENCES `bcfournisseur` (`id`)
) ENGINE=InnoDB AUTO_INCREMENT=37 DEFAULT CHARSET=utf8 COLLATE=utf8_unicode_ci;
/*!40101 SET character_set_client = @saved_cs_client */;

--
-- Dumping data for table `facture_hsup`
--

LOCK TABLES `facture_hsup` WRITE;
/*!40000 ALTER TABLE `facture_hsup` DISABLE KEYS */;
INSERT INTO `facture_hsup` VALUES (3,NULL,1,1,10,1250,1500,7,7),(4,NULL,2,0.8,8,920,1104,7,7),(5,5,2,2.4,24,12972,15566.4,NULL,NULL),(6,5,2,2.4,24,11040,13248,9,9),(7,6,1,2.4,24,14100,16920,NULL,NULL),(8,6,2,1.4,14,7567,9080.4,NULL,NULL),(9,7,2,0.5,5,2702.5,3243,NULL,NULL),(10,7,3,0.8,8,4700,5640,NULL,NULL),(11,7,2,0.5,5,2300,2760,10,10),(12,7,3,0.8,8,4000,4800,10,10),(13,8,1,0.9,9,5287.5,6345,NULL,NULL),(14,8,2,0.5,5,2702.5,3243,NULL,NULL),(15,NULL,1,0.9,9,4500,5400,11,11),(16,NULL,2,0.5,5,2300,2760,11,11),(17,9,1,1.1,11,6462.5,7755,NULL,NULL),(18,9,2,1.2,12,6486,7783.2,NULL,NULL),(19,NULL,1,1.1,11,5500,6600,12,12),(20,NULL,2,1.2,12,5520,6624,12,12),(21,10,1,1.3,13,7637.5,9165,NULL,NULL),(22,10,2,2.4,24,12972,15566.4,NULL,NULL),(23,NULL,1,1.3,13,6500,7800,13,13),(24,NULL,2,2.4,24,11040,13248,13,13),(25,12,1,2,20,11750,14100,NULL,NULL),(26,12,2,1.1,11,5945.5,7134.6,NULL,NULL),(27,NULL,1,2,20,10000,12000,15,15),(28,NULL,2,1.1,11,5060,6072,15,15),(29,13,1,1.3,13,1950,2340,NULL,NULL),(30,13,2,1,10,1380,1656,NULL,NULL),(31,NULL,1,1.3,13,1625,1950,16,16),(32,NULL,2,1,10,1150,1380,16,16),(33,24,1,2,20,6000,7200,NULL,NULL),(34,NULL,1,2,20,5512.5,6615,32,32),(35,29,1,0,NULL,0,0,NULL,NULL),(36,NULL,1,0,NULL,0,0,39,39);
/*!40000 ALTER TABLE `facture_hsup` ENABLE KEYS */;
UNLOCK TABLES;

--
-- Table structure for table `fiche`
--

DROP TABLE IF EXISTS `fiche`;
/*!40101 SET @saved_cs_client     = @@character_set_client */;
/*!40101 SET character_set_client = utf8 */;
CREATE TABLE `fiche` (
  `id` int(11) NOT NULL AUTO_INCREMENT,
  `nom` varchar(255) COLLATE utf8_unicode_ci DEFAULT NULL,
  `raisonSocial` varchar(255) COLLATE utf8_unicode_ci DEFAULT NULL,
  `activite` varchar(255) COLLATE utf8_unicode_ci DEFAULT NULL,
  `adresse` longtext COLLATE utf8_unicode_ci,
  `capital` varchar(255) COLLATE utf8_unicode_ci DEFAULT NULL,
  `iff` varchar(255) COLLATE utf8_unicode_ci DEFAULT NULL,
  `cnss` varchar(255) COLLATE utf8_unicode_ci DEFAULT NULL,
  `rib` varchar(255) COLLATE utf8_unicode_ci DEFAULT NULL,
  `ice` varchar(255) COLLATE utf8_unicode_ci DEFAULT NULL,
  `rc` varchar(255) COLLATE utf8_unicode_ci DEFAULT NULL,
  PRIMARY KEY (`id`)
) ENGINE=InnoDB AUTO_INCREMENT=2 DEFAULT CHARSET=utf8 COLLATE=utf8_unicode_ci;
/*!40101 SET character_set_client = @saved_cs_client */;

--
-- Dumping data for table `fiche`
--

LOCK TABLES `fiche` WRITE;
/*!40000 ALTER TABLE `fiche` DISABLE KEYS */;
INSERT INTO `fiche` VALUES (1,'HOPE3K Services','Test','Consulting','Lotissement Lina,  316, 3éme étage ; Sidi maarouf, Casablanca.','700 000','3383481','7958492','013780011400017840019248','000077247000025','295375');
/*!40000 ALTER TABLE `fiche` ENABLE KEYS */;
UNLOCK TABLES;

--
-- Table structure for table `fos_user`
--

DROP TABLE IF EXISTS `fos_user`;
/*!40101 SET @saved_cs_client     = @@character_set_client */;
/*!40101 SET character_set_client = utf8 */;
CREATE TABLE `fos_user` (
  `id` int(11) NOT NULL AUTO_INCREMENT,
  `username` varchar(180) COLLATE utf8_unicode_ci NOT NULL,
  `username_canonical` varchar(180) COLLATE utf8_unicode_ci NOT NULL,
  `email` varchar(180) COLLATE utf8_unicode_ci NOT NULL,
  `email_canonical` varchar(180) COLLATE utf8_unicode_ci NOT NULL,
  `enabled` tinyint(1) NOT NULL,
  `salt` varchar(255) COLLATE utf8_unicode_ci DEFAULT NULL,
  `password` varchar(255) COLLATE utf8_unicode_ci NOT NULL,
  `last_login` datetime DEFAULT NULL,
  `confirmation_token` varchar(180) COLLATE utf8_unicode_ci DEFAULT NULL,
  `password_requested_at` datetime DEFAULT NULL,
  `roles` longtext COLLATE utf8_unicode_ci NOT NULL COMMENT '(DC2Type:array)',
  PRIMARY KEY (`id`),
  UNIQUE KEY `UNIQ_957A647992FC23A8` (`username_canonical`),
  UNIQUE KEY `UNIQ_957A6479A0D96FBF` (`email_canonical`),
  UNIQUE KEY `UNIQ_957A6479C05FB297` (`confirmation_token`)
) ENGINE=InnoDB AUTO_INCREMENT=2 DEFAULT CHARSET=utf8 COLLATE=utf8_unicode_ci;
/*!40101 SET character_set_client = @saved_cs_client */;

--
-- Dumping data for table `fos_user`
--

LOCK TABLES `fos_user` WRITE;
/*!40000 ALTER TABLE `fos_user` DISABLE KEYS */;
INSERT INTO `fos_user` VALUES (1,'admin','admin','ahmadi@gmail.com','ahmadi@gmail.com',1,NULL,'$2y$13$xbgfSJWyPE.MqBnCtD28dOcRfaC0eqHiuZ7U/SN85ZYE8sSlMdWbi','2021-03-26 11:26:07',NULL,NULL,'a:0:{}');
/*!40000 ALTER TABLE `fos_user` ENABLE KEYS */;
UNLOCK TABLES;

--
-- Table structure for table `fournisseur`
--

DROP TABLE IF EXISTS `fournisseur`;
/*!40101 SET @saved_cs_client     = @@character_set_client */;
/*!40101 SET character_set_client = utf8 */;
CREATE TABLE `fournisseur` (
  `id` int(11) NOT NULL AUTO_INCREMENT,
  `nom` varchar(255) COLLATE utf8_unicode_ci DEFAULT NULL,
  `tel` varchar(255) COLLATE utf8_unicode_ci DEFAULT NULL,
  `fax` varchar(255) COLLATE utf8_unicode_ci DEFAULT NULL,
  `adresse` longtext COLLATE utf8_unicode_ci,
  `rib` varchar(255) COLLATE utf8_unicode_ci DEFAULT NULL,
  `rc` varchar(255) COLLATE utf8_unicode_ci DEFAULT NULL,
  `ice` varchar(255) COLLATE utf8_unicode_ci DEFAULT NULL,
  `iif` varchar(255) COLLATE utf8_unicode_ci DEFAULT NULL,
  PRIMARY KEY (`id`)
) ENGINE=InnoDB AUTO_INCREMENT=19 DEFAULT CHARSET=utf8 COLLATE=utf8_unicode_ci;
/*!40101 SET character_set_client = @saved_cs_client */;

--
-- Dumping data for table `fournisseur`
--

LOCK TABLES `fournisseur` WRITE;
/*!40000 ALTER TABLE `fournisseur` DISABLE KEYS */;
INSERT INTO `fournisseur` VALUES (1,'AMEXA',NULL,NULL,'Centre Riad 61, Angle Av LALLA YACOUT et MOSTAPHA ELMAANI N°69 2°ETG CASABLANCA','007 780 0000954000040509 60','445893','2343980000000','37723332'),(2,'3DS',NULL,NULL,'13 RUE AHMED EL MAJJATI \nRES LES ALPES 1ER ETG N° 8 CASABLANCA','190 780 21211 14515940004 31','466165','2574020000000','45882369'),(3,'COOLINFO',NULL,NULL,'15 Avenue AL ABTAL appt4 - Agdal Rabat,','007 780 00 00 959 00 00 40 501 59','135305','2182620000000','33614614'),(4,'FARES ETUDES',NULL,NULL,'151 RUE OUSSAMA BNOU ZAID ETG 2 CITE GAUCHE N G MAARIF– Casablanca,','007 780 0000953000040485 40','408865','2124880000000','26080662'),(5,'H.AIS INFO',NULL,NULL,'13 RUE AHMED ELMAJJATI RES LES ALPES 1ER ETAG N° 8-CASA','190 780 21211 1366715 0008 30','345715','1557860000000','18744413'),(6,'ITTACT',NULL,NULL,'14 Rue De Lucerne Résidence Latifa 1er étage Bureau N°3. CASABLANCA','007 780 0003642000000332 63','453613','2371560000000','39496161'),(7,'KALAM',NULL,NULL,'46 Boulevard Zerktouni 3eme étage Apt N°6, Casablanca,','007 780 0000953000040471 82','391335','2015190000000','24970198'),(8,'Z.S.DATA','522893025',NULL,'100 rue 76 GR O RL OULFA CASABLANCA','190 780 21211 7567484 0004 18','132279','1532070000000','2260472'),(9,'A&Y SOLUTION',NULL,NULL,'Bd Romandie 151 Rue Oussama Bnou Zaid 2 Eme Etage Gauche G Maarif Casablanca','007 780 0003621000001145 57','444839','2332010000000','37701016'),(10,'IT GERANCE',NULL,NULL,'46 BD ZERKTOUNI ETG 6 BR 15 CASABLANCA','230 780 3669329221032000 48','474171','2626480000000','45990661'),(11,'SKYLARK SERVICES','+212 6 61 93 95 63',NULL,'Bureau 277 TECHNOPARK CASABLANCA','022 780 0002600027996204 74','358635','1566960000000','18816758'),(12,'OMNIUM CONSULTING',NULL,NULL,'220, Av. LA MECQUE, IMM. SOMACIL, Appt. 1, LAAYOUNE','011 780 00 00 16 210 00 07 002 13','11585','2079090000000','40481555'),(13,'ONE PM',NULL,NULL,'13 RUE AHMED EL MEJJATI RES LES ALPES 1ER ET N° 8 CASABLANA','007 780 0015115000000099 45','357807','1669720000000','18813512'),(14,'Premium Professional Services',NULL,NULL,NULL,NULL,NULL,NULL,NULL),(15,'BIANCATECH',NULL,NULL,NULL,NULL,NULL,NULL,NULL),(16,'Fournisseur TEST',NULL,NULL,'fournisseur adresse',NULL,NULL,NULL,NULL),(17,'Fournisseur TEST 2',NULL,NULL,'adresse 2',NULL,NULL,NULL,NULL),(18,'Fournisseur TEST',NULL,NULL,'casa',NULL,NULL,'00778000000',NULL);
/*!40000 ALTER TABLE `fournisseur` ENABLE KEYS */;
UNLOCK TABLES;

--
-- Table structure for table `heuresup`
--

DROP TABLE IF EXISTS `heuresup`;
/*!40101 SET @saved_cs_client     = @@character_set_client */;
/*!40101 SET character_set_client = utf8 */;
CREATE TABLE `heuresup` (
  `id` int(11) NOT NULL AUTO_INCREMENT,
  `item` varchar(255) COLLATE utf8_unicode_ci DEFAULT NULL,
  `pourcentage` double DEFAULT NULL,
  `description` varchar(255) COLLATE utf8_unicode_ci DEFAULT NULL,
  PRIMARY KEY (`id`)
) ENGINE=InnoDB AUTO_INCREMENT=4 DEFAULT CHARSET=utf8 COLLATE=utf8_unicode_ci;
/*!40101 SET character_set_client = @saved_cs_client */;

--
-- Dumping data for table `heuresup`
--

LOCK TABLES `heuresup` WRITE;
/*!40000 ALTER TABLE `heuresup` DISABLE KEYS */;
INSERT INTO `heuresup` VALUES (1,'Jours Férié',25,'Jours Férié'),(2,'weekend jour',15,'weekend jour'),(3,'Nuit',25,'Nuit');
/*!40000 ALTER TABLE `heuresup` ENABLE KEYS */;
UNLOCK TABLES;

--
-- Table structure for table `job`
--

DROP TABLE IF EXISTS `job`;
/*!40101 SET @saved_cs_client     = @@character_set_client */;
/*!40101 SET character_set_client = utf8 */;
CREATE TABLE `job` (
  `id` int(11) NOT NULL AUTO_INCREMENT,
  `nom` varchar(255) COLLATE utf8_unicode_ci DEFAULT NULL,
  `description` varchar(255) COLLATE utf8_unicode_ci DEFAULT NULL,
  PRIMARY KEY (`id`)
) ENGINE=InnoDB AUTO_INCREMENT=84 DEFAULT CHARSET=utf8 COLLATE=utf8_unicode_ci;
/*!40101 SET character_set_client = @saved_cs_client */;

--
-- Dumping data for table `job`
--

LOCK TABLES `job` WRITE;
/*!40000 ALTER TABLE `job` DISABLE KEYS */;
INSERT INTO `job` VALUES (1,'Optimisation Radio 2G/3G',NULL),(2,'Réseau fixe pour le compte d’Ericsson',NULL),(3,'CHEF DE PROJET SENIOR RACCORDEMENT FO',NULL),(4,'DESINGH FH',NULL),(5,'DP MANAGER DESIGN FIXE ',NULL),(6,'Consultant IP MPLS',NULL),(7,'CHEF DE PROJET AMENAGEMENT ',NULL),(8,'Chef de projet Senior FO',NULL),(9,'CHEF DE PROJET GENIE CIVIL',NULL),(10,'CONSULTANT EQUIPEMENT',NULL),(11,'SUPPORT TRANSMISSION FH',NULL),(12,'CONSULTANT RADIO',NULL),(13,'CONSULTANT IP',NULL),(14,'CHEF DE PROJET TECHNIQUE',NULL),(15,'CHEF DE PROJET FTTH',NULL),(16,'Consultant VAS',NULL),(17,'ARCHITECTE SI',NULL),(18,'Consultante Test Senior',NULL),(19,'Consultante COBOL',NULL),(20,'Technicien OLT',NULL),(21,'Chargé BO ',NULL),(22,'Chef de projet déploiement FO',NULL),(23,'Technicien Raccordement ',NULL),(24,'Qualité & réception ',NULL),(25,'Consultant SAV ',NULL),(26,'Consultant Activation ADSL',NULL),(27,'Consultant BO ADSL',NULL),(28,'Superviseur FTTH',NULL),(29,'Chef de projet design FTTH',NULL),(30,'Chef de projet BO ',NULL),(31,'Tech Qualité & réception ',NULL),(32,'CONSULTANT CHEF DE PROJET INGENIERIE TRANSMISSION',NULL),(33,'DEVELOPPEUR FULLSTACK ',NULL),(34,'Développeur Android Senior',NULL),(35,'CONSULTANT DEVELOPPEUR SCALA',NULL),(36,'SAP HYBRIS SENIOR',NULL),(37,'DEVELOPPEUR ANDROID',NULL),(38,'Développement BI – PL/SQL',NULL),(39,'Consultant DEVOPS',NULL),(40,'DEVELOPPEUR SENIOR',NULL),(41,'Développement JAVA/JEE',NULL),(42,'DIRECTION DE PROJET',NULL),(43,'SAP HR',NULL),(44,'DEVELOPPEMENT PL SQL/JAVA J2EE',NULL),(45,'CONSULTANT IT',NULL),(46,'Développeur DYNAMICS 365',NULL),(47,'DEVELOPPEUR JAVA',NULL),(48,'Consultant BI',NULL),(49,'CONSULTANTE BI / BO',NULL),(50,'Développeur PHP',NULL),(51,'Développeur Mobile',NULL),(52,'Développeur Talend KSH',NULL),(53,'CONSULTANT COBOL MAIN FRAME',NULL),(54,'CONSULTANTS COBOL MAIN FRAME',NULL),(55,'Développeur Cobol MVS AS400',NULL),(56,'Testeur Fonctionnel',NULL),(57,'REFERENT TECHNIQUE',NULL),(58,'Développeur senior Java / Scala',NULL),(59,'CHEF DE PROJET SMSI',NULL),(60,'TESTING JUNIOR CAPEX',NULL),(61,'IT appliance_Services',NULL),(62,'Accompagnement CRM',NULL),(63,'Développeur Java senior',NULL),(64,'DEVELOPPEUR ANGULAR ',NULL),(65,'Product Owner',NULL),(66,'EXPERT SHAREPOINT',NULL),(67,'Expert SharePoint Niveau 2',NULL),(68,'Prestation en ALM et marchés des capitaux',NULL),(69,'CHEF DE PROJET MOE',NULL),(70,'Chef de projet IT bancaire et monétique',NULL),(71,'CHEF DE PROJET IT BANCAIRE ',NULL),(72,'INTEGRATEUR D’EXPLOITATION',NULL),(73,'PMO STRATEGIQUE',NULL),(74,'PMO OPERATIONNEL',NULL),(75,'Expert sécurité',NULL),(76,'Ingénieur de production informatique',NULL),(77,'CONSULTANT INGENIERIE RESEAUX IP/MPLS',NULL),(78,'CONSULTANT  IP/MPLS',NULL),(79,'Consultant Big-Data',NULL),(80,'010 Testeur Junior (1700 dh/unité)','010 Testeur Junior (1700 dh/unité)'),(81,'020 Testeur Junior- Jours décalé (2380 dh/unité)','020 Testeur Junior- Jours décalé (2380 dh/unité)'),(82,'030 Testeur Senior (2050 dh/unité)','030 Testeur Senior (2050 dh/unité)'),(83,'job test',NULL);
/*!40000 ALTER TABLE `job` ENABLE KEYS */;
UNLOCK TABLES;

--
-- Table structure for table `ligne_facture`
--

DROP TABLE IF EXISTS `ligne_facture`;
/*!40101 SET @saved_cs_client     = @@character_set_client */;
/*!40101 SET character_set_client = utf8 */;
CREATE TABLE `ligne_facture` (
  `id` int(11) NOT NULL AUTO_INCREMENT,
  `id_facture` int(11) DEFAULT NULL,
  `numero` varchar(255) COLLATE utf8_unicode_ci DEFAULT NULL,
  `nbjour` double DEFAULT NULL,
  `mois` int(11) DEFAULT NULL,
  `year` int(11) DEFAULT NULL,
  `totalHt` double DEFAULT NULL,
  `totalTTC` double DEFAULT NULL,
  `id_projetconsultant` int(11) DEFAULT NULL,
  `nbjourVente` double DEFAULT NULL,
  PRIMARY KEY (`id`),
  KEY `IDX_611F5A29201BCD60` (`id_facture`),
  KEY `IDX_611F5A29C9FA91B9` (`id_projetconsultant`),
  CONSTRAINT `FK_611F5A29201BCD60` FOREIGN KEY (`id_facture`) REFERENCES `facture` (`id`),
  CONSTRAINT `FK_611F5A29C9FA91B9` FOREIGN KEY (`id_projetconsultant`) REFERENCES `projetconsultant` (`id`)
) ENGINE=InnoDB AUTO_INCREMENT=95 DEFAULT CHARSET=utf8 COLLATE=utf8_unicode_ci;
/*!40101 SET character_set_client = @saved_cs_client */;

--
-- Dumping data for table `ligne_facture`
--

LOCK TABLES `ligne_facture` WRITE;
/*!40000 ALTER TABLE `ligne_facture` DISABLE KEYS */;
INSERT INTO `ligne_facture` VALUES (1,1,NULL,23,NULL,NULL,34000,40800,1,20),(2,1,NULL,7,NULL,NULL,16660,19992,2,7),(3,1,NULL,24,NULL,NULL,34000,40800,3,20),(4,1,NULL,22,NULL,NULL,45100,54120,4,22),(5,2,NULL,22,NULL,NULL,28600,34320,5,22),(6,2,NULL,22,NULL,NULL,55000,66000,6,22),(7,2,NULL,23,NULL,NULL,34500,41400,7,23),(8,19,NULL,20,NULL,NULL,26000,31200,5,20),(9,19,NULL,6,NULL,NULL,15000,18000,6,6),(10,19,NULL,10,NULL,NULL,15000,18000,7,10),(11,20,NULL,20,NULL,NULL,26000,31200,5,20),(12,20,NULL,25,NULL,NULL,62500,75000,6,25),(13,20,NULL,20,NULL,NULL,30000,36000,7,20),(14,21,NULL,23,NULL,NULL,34000,40800,1,20),(15,21,NULL,6,NULL,NULL,14280,17136,2,6),(16,21,NULL,23,NULL,NULL,34000,40800,3,20),(17,21,NULL,22,NULL,NULL,45100,54120,4,22),(18,23,NULL,20,NULL,NULL,24000,28800,8,20),(19,23,NULL,21,NULL,NULL,28600,34320,9,22),(20,23,NULL,22,NULL,NULL,48300,57960,10,21),(25,26,NULL,20.123,NULL,NULL,34209.1,41050.92,1,20.123),(26,26,NULL,5.486,NULL,NULL,13056.68,15668.016,2,5.486),(27,26,NULL,86.966,NULL,NULL,147842.2,177410.64,3,86.966),(28,26,NULL,10.112,NULL,NULL,20729.6,24875.52,4,10.112),(29,27,NULL,20.123,NULL,NULL,34209.1,41050.92,1,20.123),(30,27,NULL,5.48,NULL,NULL,13042.4,15650.88,2,5.48),(31,27,NULL,86.912,NULL,NULL,147750.4,177300.48,3,86.912),(32,27,NULL,8.202,NULL,NULL,16814.1,20176.92,4,8.202),(33,28,NULL,20.123,NULL,NULL,34209.1,41050.92,1,20.123),(34,28,NULL,5.48,NULL,NULL,13042.4,15650.88,2,5.48),(35,28,NULL,92.392,NULL,NULL,147750.4,177300.48,3,86.912),(36,28,NULL,8.202,NULL,NULL,16814.1,20176.92,4,8.202),(37,30,NULL,20,NULL,NULL,34000,40800,1,20),(38,30,NULL,8,NULL,NULL,19040,22848,2,8),(39,30,NULL,20,NULL,NULL,34000,40800,3,20),(40,30,NULL,22,NULL,NULL,45100,54120,4,22),(59,34,NULL,12,NULL,NULL,17000,20400,11,10),(60,34,NULL,2,NULL,NULL,4760,5712,12,2),(61,34,NULL,14,NULL,NULL,17000,20400,13,10),(62,34,NULL,4,NULL,NULL,9520,11424,14,4),(63,34,NULL,16,NULL,NULL,17000,20400,15,10),(64,34,NULL,6,NULL,NULL,14280,17136,16,6),(65,35,NULL,23,NULL,NULL,34000,40800,11,20),(66,35,NULL,3,NULL,NULL,7140,8568,12,3),(67,35,NULL,21,NULL,NULL,34000,40800,13,20),(68,35,NULL,1,NULL,NULL,2380,2856,14,1),(69,35,NULL,22,NULL,NULL,37400,44880,15,22),(70,35,NULL,0,NULL,NULL,0,0,16,0),(71,37,NULL,24,NULL,NULL,40800,48960,11,24),(72,37,NULL,4,NULL,NULL,9520,11424,12,4),(73,37,NULL,24,NULL,NULL,40800,48960,13,24),(74,37,NULL,6,NULL,NULL,14280,17136,14,6),(75,37,NULL,20,NULL,NULL,40600,48720,15,20),(76,37,NULL,1,NULL,NULL,2380,2856,16,1),(77,38,NULL,27,NULL,NULL,34000,40800,11,20),(78,38,NULL,7,NULL,NULL,16660,19992,12,7),(79,38,NULL,21,NULL,NULL,34000,40800,13,20),(80,38,NULL,1,NULL,NULL,2380,2856,14,1),(81,38,NULL,23,NULL,NULL,46690,56028,15,23),(82,38,NULL,0,NULL,NULL,0,0,16,0),(92,45,NULL,20,NULL,NULL,26000,31200,5,20),(93,45,NULL,8,NULL,NULL,20000,24000,6,8),(94,45,NULL,13,NULL,NULL,16900,20280,7,13);
/*!40000 ALTER TABLE `ligne_facture` ENABLE KEYS */;
UNLOCK TABLES;

--
-- Table structure for table `mission`
--

DROP TABLE IF EXISTS `mission`;
/*!40101 SET @saved_cs_client     = @@character_set_client */;
/*!40101 SET character_set_client = utf8 */;
CREATE TABLE `mission` (
  `id` int(11) NOT NULL AUTO_INCREMENT,
  `id_bcclient` int(11) DEFAULT NULL,
  `id_client` int(11) DEFAULT NULL,
  `prixVente` double DEFAULT NULL,
  `prixAchat` double DEFAULT NULL,
  `dateDebut` datetime DEFAULT NULL,
  `dateFin` datetime DEFAULT NULL,
  `id_consultant` int(11) DEFAULT NULL,
  `id_fournisseur` int(11) DEFAULT NULL,
  `bc_name` varchar(255) COLLATE utf8_unicode_ci DEFAULT NULL,
  `updated_at` datetime DEFAULT NULL,
  `date_ceation` datetime DEFAULT NULL,
  `contrat_fname` varchar(255) COLLATE utf8_unicode_ci DEFAULT NULL,
  `contrat_cname` varchar(255) COLLATE utf8_unicode_ci DEFAULT NULL,
  `document_name` varchar(255) COLLATE utf8_unicode_ci DEFAULT NULL,
  `type` varchar(255) COLLATE utf8_unicode_ci DEFAULT NULL,
  `devise` varchar(255) COLLATE utf8_unicode_ci DEFAULT NULL,
  `motif` varchar(255) COLLATE utf8_unicode_ci DEFAULT NULL,
  `description` varchar(255) COLLATE utf8_unicode_ci DEFAULT NULL,
  `statut` varchar(255) COLLATE utf8_unicode_ci DEFAULT NULL,
  `id_departement` int(11) DEFAULT NULL,
  `id_job` int(11) DEFAULT NULL,
  `date_cloture` datetime DEFAULT NULL,
  PRIMARY KEY (`id`),
  KEY `IDX_9067F23C6BEF67B4` (`id_bcclient`),
  KEY `IDX_9067F23CE173B1B8` (`id_client`),
  KEY `IDX_9067F23CE1980276` (`id_consultant`),
  KEY `IDX_9067F23C2E8C07C5` (`id_fournisseur`),
  KEY `IDX_9067F23CD9649694` (`id_departement`),
  KEY `IDX_9067F23C657C08A2` (`id_job`),
  CONSTRAINT `FK_9067F23C2E8C07C5` FOREIGN KEY (`id_fournisseur`) REFERENCES `fournisseur` (`id`),
  CONSTRAINT `FK_9067F23C657C08A2` FOREIGN KEY (`id_job`) REFERENCES `job` (`id`),
  CONSTRAINT `FK_9067F23C6BEF67B4` FOREIGN KEY (`id_bcclient`) REFERENCES `bcclient` (`id`),
  CONSTRAINT `FK_9067F23CD9649694` FOREIGN KEY (`id_departement`) REFERENCES `departement` (`id`),
  CONSTRAINT `FK_9067F23CE173B1B8` FOREIGN KEY (`id_client`) REFERENCES `client` (`id`),
  CONSTRAINT `FK_9067F23CE1980276` FOREIGN KEY (`id_consultant`) REFERENCES `consultant` (`id`)
) ENGINE=InnoDB AUTO_INCREMENT=107 DEFAULT CHARSET=utf8 COLLATE=utf8_unicode_ci;
/*!40101 SET character_set_client = @saved_cs_client */;

--
-- Dumping data for table `mission`
--

LOCK TABLES `mission` WRITE;
/*!40000 ALTER TABLE `mission` DISABLE KEYS */;
INSERT INTO `mission` VALUES (1,NULL,10,76840,NULL,NULL,NULL,1,NULL,NULL,NULL,'2021-01-28 16:39:29',NULL,NULL,NULL,'journaliere','DH',NULL,NULL,'En cours',NULL,1,NULL),(2,NULL,10,42500,NULL,NULL,NULL,2,4,NULL,NULL,'2021-01-28 16:39:29',NULL,NULL,NULL,'journaliere','DH',NULL,NULL,'En cours',NULL,2,NULL),(3,NULL,10,8000,NULL,NULL,NULL,3,7,NULL,NULL,'2021-01-28 16:39:29',NULL,NULL,NULL,'journaliere','DH',NULL,NULL,'En cours',NULL,1,NULL),(4,NULL,10,2767.5,NULL,NULL,NULL,4,NULL,NULL,NULL,'2021-01-28 16:39:29',NULL,NULL,NULL,'journaliere','DH',NULL,NULL,'En cours',NULL,3,NULL),(5,NULL,10,1400,NULL,NULL,NULL,5,NULL,NULL,NULL,'2021-01-28 16:39:29',NULL,NULL,NULL,'journaliere','DH',NULL,NULL,'En cours',NULL,4,NULL),(6,NULL,10,2350,NULL,NULL,NULL,6,NULL,NULL,NULL,'2021-01-28 16:39:29',NULL,NULL,NULL,'journaliere','DH',NULL,NULL,'En cours',NULL,5,NULL),(7,NULL,10,1900,NULL,NULL,NULL,7,3,NULL,NULL,'2021-01-28 16:39:29',NULL,NULL,NULL,'journaliere','DH',NULL,NULL,'En cours',NULL,6,NULL),(8,NULL,10,2700,NULL,NULL,NULL,8,3,NULL,NULL,'2021-01-28 16:39:29',NULL,NULL,NULL,'journaliere','DH',NULL,NULL,'En cours',NULL,7,NULL),(9,NULL,10,1476,NULL,NULL,NULL,9,3,NULL,NULL,'2021-01-28 16:39:29',NULL,NULL,NULL,'journaliere','DH',NULL,NULL,'En cours',NULL,8,NULL),(10,NULL,10,1760,NULL,NULL,NULL,10,3,NULL,NULL,'2021-01-28 16:39:29',NULL,NULL,NULL,'journaliere','DH',NULL,NULL,'En cours',NULL,9,NULL),(11,NULL,10,1800,NULL,NULL,NULL,11,3,NULL,NULL,'2021-01-28 16:39:29',NULL,NULL,NULL,'journaliere','DH',NULL,NULL,'En cours',NULL,10,NULL),(12,NULL,10,2050,NULL,NULL,NULL,12,4,NULL,NULL,'2021-01-28 16:39:29',NULL,NULL,NULL,'journaliere','DH',NULL,NULL,'En cours',NULL,4,NULL),(13,NULL,10,1000,NULL,NULL,NULL,13,NULL,NULL,NULL,'2021-01-28 16:39:29',NULL,NULL,NULL,'journaliere','DH',NULL,NULL,'En cours',NULL,11,NULL),(14,NULL,10,1700,NULL,NULL,NULL,14,3,NULL,NULL,'2021-01-28 16:39:29',NULL,NULL,NULL,'journaliere','DH',NULL,NULL,'En cours',NULL,12,NULL),(15,NULL,10,1120,NULL,NULL,NULL,15,4,NULL,NULL,'2021-01-28 16:39:29',NULL,NULL,NULL,'journaliere','DH',NULL,NULL,'En cours',NULL,4,NULL),(16,NULL,10,1800,NULL,NULL,NULL,16,6,NULL,NULL,'2021-01-28 16:39:29',NULL,NULL,NULL,'journaliere','DH',NULL,NULL,'En cours',NULL,13,NULL),(17,NULL,10,2300,NULL,NULL,NULL,17,3,NULL,NULL,'2021-01-28 16:39:29',NULL,NULL,NULL,'journaliere','DH',NULL,NULL,'En cours',NULL,14,NULL),(18,NULL,10,2400,NULL,NULL,NULL,18,3,NULL,NULL,'2021-01-28 16:39:29',NULL,NULL,NULL,'journaliere','DH',NULL,NULL,'En cours',NULL,15,NULL),(19,NULL,10,2300,NULL,NULL,NULL,19,3,NULL,NULL,'2021-01-28 16:39:29',NULL,NULL,NULL,'journaliere','DH',NULL,NULL,'En cours',NULL,16,NULL),(20,NULL,10,4000,NULL,NULL,NULL,20,NULL,NULL,NULL,'2021-01-28 16:39:29',NULL,NULL,NULL,'journaliere','DH',NULL,NULL,'En cours',NULL,17,NULL),(21,NULL,10,2400,NULL,NULL,NULL,21,NULL,NULL,NULL,'2021-01-28 16:39:30',NULL,NULL,NULL,'journaliere','DH',NULL,NULL,'En cours',NULL,18,NULL),(22,NULL,10,2800,NULL,NULL,NULL,22,3,NULL,NULL,'2021-01-28 16:39:30',NULL,NULL,NULL,'journaliere','DH',NULL,NULL,'En cours',NULL,19,NULL),(23,NULL,10,1000,940,NULL,NULL,23,7,NULL,NULL,'2021-01-28 16:39:30',NULL,NULL,NULL,'journaliere','DH',NULL,NULL,'En cours',NULL,20,NULL),(24,NULL,10,1000,940,NULL,NULL,24,7,NULL,NULL,'2021-01-28 16:39:30',NULL,NULL,NULL,'journaliere','DH',NULL,NULL,'En cours',NULL,20,NULL),(25,NULL,10,1000,940,NULL,NULL,25,7,NULL,NULL,'2021-01-28 16:39:30',NULL,NULL,NULL,'journaliere','DH',NULL,NULL,'En cours',NULL,21,NULL),(26,NULL,10,1600,1565,NULL,NULL,26,4,NULL,NULL,'2021-01-28 16:39:30',NULL,NULL,NULL,'journaliere','DH',NULL,NULL,'En cours',NULL,22,NULL),(27,NULL,10,1000,530,NULL,NULL,27,7,NULL,NULL,'2021-01-28 16:39:30',NULL,NULL,NULL,'journaliere','DH',NULL,NULL,'En cours',NULL,21,NULL),(28,NULL,10,1000,940,NULL,NULL,28,7,NULL,NULL,'2021-01-28 16:39:30',NULL,NULL,NULL,'journaliere','DH',NULL,NULL,'En cours',NULL,23,NULL),(29,NULL,10,1000,940,NULL,NULL,29,7,NULL,NULL,'2021-01-28 16:39:30',NULL,NULL,NULL,'journaliere','DH',NULL,NULL,'En cours',NULL,23,NULL),(30,NULL,10,1200,1150,NULL,NULL,30,7,NULL,NULL,'2021-01-28 16:39:30',NULL,NULL,NULL,'journaliere','DH',NULL,NULL,'En cours',NULL,24,NULL),(31,NULL,10,1000,940,NULL,NULL,31,7,NULL,NULL,'2021-01-28 16:39:30',NULL,NULL,NULL,'journaliere','DH',NULL,NULL,'En cours',NULL,25,NULL),(32,NULL,10,1750,1460,NULL,NULL,32,4,NULL,NULL,'2021-01-28 16:39:30',NULL,NULL,NULL,'journaliere','DH',NULL,NULL,'En cours',NULL,15,NULL),(33,NULL,10,1400,1045,NULL,NULL,33,4,NULL,NULL,'2021-01-28 16:39:30',NULL,NULL,NULL,'journaliere','DH',NULL,NULL,'En cours',NULL,26,NULL),(34,NULL,10,1400,1149,NULL,NULL,34,4,NULL,NULL,'2021-01-28 16:39:30',NULL,NULL,NULL,'journaliere','DH',NULL,NULL,'En cours',NULL,26,NULL),(35,NULL,10,1000,940,NULL,NULL,35,4,NULL,NULL,'2021-01-28 16:39:30',NULL,NULL,NULL,'journaliere','DH',NULL,NULL,'En cours',NULL,27,NULL),(36,NULL,10,1400,1045,NULL,NULL,36,4,NULL,NULL,'2021-01-28 16:39:30',NULL,NULL,NULL,'journaliere','DH',NULL,NULL,'En cours',NULL,26,NULL),(37,NULL,10,1500,1460,NULL,NULL,37,3,NULL,NULL,'2021-01-28 16:39:30',NULL,NULL,NULL,'journaliere','DH',NULL,NULL,'En cours',NULL,28,NULL),(38,NULL,10,1700,1480,NULL,NULL,38,13,NULL,NULL,'2021-01-28 16:39:30',NULL,NULL,NULL,'journaliere','DH',NULL,NULL,'En cours',NULL,29,NULL),(39,NULL,10,1450,1306,NULL,NULL,39,4,NULL,NULL,'2021-01-28 16:39:30',NULL,NULL,NULL,'journaliere','DH',NULL,NULL,'En cours',NULL,30,NULL),(40,NULL,10,1000,940,NULL,NULL,40,4,NULL,NULL,'2021-01-28 16:39:31',NULL,NULL,NULL,'journaliere','DH',NULL,NULL,'En cours',NULL,31,NULL),(41,NULL,10,1150,1137,NULL,NULL,41,3,NULL,NULL,'2021-01-28 16:39:31',NULL,NULL,NULL,'journaliere','DH',NULL,NULL,'En cours',NULL,32,NULL),(42,NULL,1,2900,2490,NULL,NULL,42,7,NULL,NULL,'2021-01-28 16:39:31',NULL,NULL,NULL,'journaliere','DH',NULL,NULL,'En cours',NULL,33,NULL),(43,43,1,2100,1720,NULL,NULL,43,7,NULL,NULL,'2021-01-28 16:39:31',NULL,NULL,NULL,'journaliere','DH',NULL,NULL,'En cours',NULL,34,NULL),(44,44,1,2200,1920,NULL,NULL,44,11,NULL,NULL,'2021-01-28 16:39:31',NULL,NULL,NULL,'journaliere','DH',NULL,NULL,'En cours',NULL,35,NULL),(45,45,1,3200,2912,NULL,NULL,45,8,NULL,NULL,'2021-01-28 16:39:31',NULL,NULL,NULL,'journaliere','DH',NULL,NULL,'En cours',NULL,36,NULL),(46,46,1,2100,1820,NULL,NULL,46,7,NULL,NULL,'2021-01-28 16:39:31',NULL,NULL,NULL,'journaliere','DH',NULL,NULL,'En cours',NULL,37,NULL),(47,47,1,2400,2205,NULL,NULL,47,4,NULL,NULL,'2021-01-28 16:39:31',NULL,NULL,NULL,'journaliere','DH',NULL,NULL,'En cours',NULL,38,NULL),(48,48,1,2300,2125,NULL,NULL,48,4,NULL,NULL,'2021-01-28 16:39:31',NULL,NULL,NULL,'journaliere','DH',NULL,NULL,'En cours',NULL,39,NULL),(49,49,1,2600,2300,NULL,NULL,49,7,NULL,NULL,'2021-01-28 16:39:31',NULL,NULL,NULL,'journaliere','DH',NULL,NULL,'En cours',NULL,40,NULL),(50,50,1,3000,2775,NULL,NULL,50,NULL,NULL,NULL,'2021-01-28 16:39:31',NULL,NULL,NULL,'journaliere','DH',NULL,NULL,'En cours',NULL,41,NULL),(51,51,1,4000,3680,NULL,NULL,51,2,NULL,NULL,'2021-01-28 16:39:31',NULL,NULL,NULL,'journaliere','DH',NULL,NULL,'En cours',NULL,42,NULL),(52,NULL,1,1500,1150,NULL,NULL,52,6,NULL,NULL,'2021-01-28 16:39:31',NULL,NULL,NULL,'journaliere','DH',NULL,NULL,'En cours',NULL,41,NULL),(53,53,1,2300,2090,NULL,NULL,53,3,NULL,NULL,'2021-01-28 16:39:31',NULL,NULL,NULL,'journaliere','DH',NULL,NULL,'En cours',NULL,43,NULL),(54,54,1,2400,2230,NULL,NULL,54,4,NULL,NULL,'2021-01-28 16:39:32',NULL,NULL,NULL,'journaliere','DH',NULL,NULL,'En cours',NULL,44,NULL),(55,55,1,3000,2770,NULL,NULL,55,7,NULL,NULL,'2021-01-28 16:39:32',NULL,NULL,NULL,'journaliere','DH',NULL,NULL,'En cours',NULL,45,NULL),(56,56,1,2100,1820,NULL,NULL,56,7,NULL,NULL,'2021-01-28 16:39:32',NULL,NULL,NULL,'journaliere','DH',NULL,NULL,'En cours',NULL,34,NULL),(57,NULL,1,1700,1055,NULL,NULL,57,6,NULL,NULL,'2021-01-28 16:39:32',NULL,NULL,NULL,'journaliere','DH',NULL,NULL,'En cours',NULL,46,NULL),(58,58,1,1500,1150,NULL,NULL,58,NULL,NULL,NULL,'2021-01-28 16:39:32',NULL,NULL,NULL,'journaliere','DH',NULL,NULL,'En cours',NULL,47,NULL),(59,59,1,2200,2010,NULL,NULL,59,3,NULL,NULL,'2021-01-28 16:39:32',NULL,NULL,NULL,'journaliere','DH',NULL,NULL,'En cours',NULL,40,NULL),(60,60,1,3200,2880,NULL,NULL,60,2,NULL,NULL,'2021-01-28 16:39:32',NULL,NULL,NULL,'journaliere','DH',NULL,NULL,'En cours',NULL,37,NULL),(61,61,1,3000,2700,NULL,NULL,61,2,NULL,NULL,'2021-01-28 16:39:32',NULL,NULL,NULL,'journaliere','DH',NULL,NULL,'En cours',NULL,48,NULL),(62,62,1,2678,2410.2,NULL,NULL,62,2,NULL,NULL,'2021-01-28 16:39:32',NULL,NULL,NULL,'journaliere','DH',NULL,NULL,'En cours',NULL,47,NULL),(63,63,1,3200,2280,NULL,NULL,63,2,NULL,NULL,'2021-01-28 16:39:32',NULL,NULL,NULL,'journaliere','DH',NULL,NULL,'En cours',NULL,49,NULL),(64,64,1,1000,620,NULL,NULL,64,6,NULL,NULL,'2021-01-28 16:39:32',NULL,NULL,NULL,'journaliere','DH',NULL,NULL,'En cours',NULL,47,NULL),(65,65,1,1000,730,NULL,NULL,65,6,NULL,NULL,'2021-01-28 16:39:32',NULL,NULL,NULL,'journaliere','DH',NULL,NULL,'En cours',NULL,50,NULL),(66,NULL,1,1339,1320,NULL,NULL,66,NULL,NULL,NULL,'2021-01-28 16:39:33',NULL,NULL,NULL,'journaliere','DH',NULL,NULL,'En cours',NULL,51,NULL),(67,67,1,2781,2740,NULL,NULL,67,NULL,NULL,NULL,'2021-01-28 16:39:33',NULL,NULL,NULL,'journaliere','DH',NULL,NULL,'En cours',NULL,17,NULL),(68,68,1,1450,1335,NULL,NULL,68,4,NULL,NULL,'2021-01-28 16:39:33',NULL,NULL,NULL,'journaliere','DH',NULL,NULL,'En cours',NULL,47,NULL),(69,69,1,2500,NULL,NULL,NULL,69,2,NULL,NULL,'2021-01-28 16:39:33',NULL,NULL,NULL,'journaliere','DH',NULL,NULL,'En cours',NULL,52,NULL),(70,70,1,2400,2090,NULL,NULL,70,NULL,NULL,NULL,'2021-01-28 16:39:33',NULL,NULL,NULL,'journaliere','DH',NULL,NULL,'En cours',NULL,53,NULL),(71,71,1,2400,2090,NULL,NULL,71,NULL,NULL,NULL,'2021-01-28 16:39:33',NULL,NULL,NULL,'journaliere','DH',NULL,NULL,'En cours',NULL,54,NULL),(72,72,1,2100,2268,NULL,NULL,72,2,NULL,NULL,'2021-01-28 16:39:33',NULL,NULL,NULL,'journaliere','DH',NULL,NULL,'En cours',NULL,55,NULL),(73,73,1,2400,2090,NULL,NULL,73,NULL,NULL,NULL,'2021-01-28 16:39:33',NULL,NULL,NULL,'journaliere','DH',NULL,NULL,'En cours',NULL,53,NULL),(74,74,1,2000,1880,NULL,NULL,74,4,NULL,NULL,'2021-01-28 16:39:33',NULL,NULL,NULL,'journaliere','DH',NULL,NULL,'En cours',NULL,56,NULL),(75,75,1,2500,2700,NULL,NULL,75,2,NULL,NULL,'2021-01-28 16:39:33',NULL,NULL,NULL,'journaliere','DH',NULL,NULL,'En cours',NULL,57,NULL),(76,NULL,1,1500,NULL,NULL,NULL,76,NULL,NULL,NULL,'2021-01-28 16:39:33',NULL,NULL,NULL,'journaliere','DH',NULL,NULL,'En cours',NULL,37,NULL),(77,77,1,2400,NULL,NULL,NULL,77,13,NULL,NULL,'2021-01-28 16:39:34',NULL,NULL,NULL,'journaliere','DH',NULL,NULL,'En cours',NULL,58,NULL),(78,NULL,3,3100,2680,NULL,NULL,78,NULL,NULL,NULL,'2021-01-28 16:39:34',NULL,NULL,NULL,'journaliere','DH',NULL,NULL,'En cours',NULL,59,NULL),(79,79,3,2800,2510,NULL,NULL,79,NULL,NULL,NULL,'2021-01-28 16:39:34',NULL,NULL,NULL,'journaliere','DH',NULL,NULL,'En cours',NULL,60,NULL),(80,NULL,3,4000,3600,NULL,NULL,80,NULL,NULL,NULL,'2021-01-28 16:39:34',NULL,NULL,NULL,'journaliere','DH',NULL,NULL,'En cours',NULL,61,NULL),(81,81,3,4500,NULL,NULL,NULL,81,NULL,NULL,NULL,'2021-01-28 16:39:34',NULL,NULL,NULL,'journaliere','DH',NULL,NULL,'En cours',NULL,62,NULL),(82,82,2,2432.25,2250,NULL,NULL,82,NULL,NULL,NULL,'2021-01-28 16:39:34',NULL,NULL,NULL,'journaliere','DH',NULL,NULL,'En cours',NULL,63,NULL),(83,NULL,2,2600,2105,NULL,NULL,83,NULL,NULL,NULL,'2021-01-28 16:39:34',NULL,NULL,NULL,'journaliere','DH',NULL,NULL,'En cours',NULL,64,NULL),(84,84,2,2700,2395,NULL,NULL,84,7,NULL,NULL,'2021-01-28 16:39:35',NULL,NULL,NULL,'journaliere','DH',NULL,NULL,'En cours',NULL,63,NULL),(85,NULL,11,3600,3160,NULL,NULL,85,3,NULL,NULL,'2021-01-28 16:39:35',NULL,NULL,NULL,'journaliere','DH',NULL,NULL,'En cours',NULL,65,NULL),(86,NULL,11,4050,3350,NULL,NULL,86,4,NULL,NULL,'2021-01-28 16:39:35',NULL,NULL,NULL,'journaliere','DH',NULL,NULL,'En cours',NULL,65,NULL),(87,NULL,4,3900,3400,NULL,NULL,87,6,NULL,NULL,'2021-01-28 16:39:35',NULL,NULL,NULL,'journaliere','DH',NULL,NULL,'En cours',NULL,66,NULL),(88,NULL,4,3900,3500,NULL,NULL,88,NULL,NULL,NULL,'2021-01-28 16:39:35',NULL,NULL,NULL,'journaliere','DH',NULL,NULL,'En cours',NULL,67,NULL),(89,NULL,12,4500,4050,NULL,NULL,89,7,NULL,NULL,'2021-01-28 16:39:35',NULL,NULL,NULL,'journaliere','DH',NULL,NULL,'En cours',NULL,68,NULL),(90,90,8,4700,4000,NULL,NULL,90,9,NULL,NULL,'2021-01-28 16:39:35',NULL,NULL,NULL,'journaliere','DH',NULL,NULL,'En cours',NULL,69,NULL),(91,90,8,4500,3600,NULL,NULL,91,14,NULL,NULL,'2021-01-28 16:39:35',NULL,NULL,NULL,'journaliere','DH',NULL,NULL,'En cours',NULL,70,NULL),(92,90,8,4200,3500,NULL,NULL,92,6,NULL,NULL,'2021-01-28 16:39:35',NULL,NULL,NULL,'journaliere','DH',NULL,NULL,'En cours',NULL,71,NULL),(93,90,8,4200,3200,NULL,NULL,93,NULL,NULL,NULL,'2021-01-28 16:39:36',NULL,NULL,NULL,'journaliere','DH',NULL,NULL,'En cours',NULL,71,NULL),(94,90,6,4000,3000,NULL,NULL,94,10,NULL,NULL,'2021-01-28 16:39:36',NULL,NULL,NULL,'journaliere','DH',NULL,NULL,'En cours',NULL,72,NULL),(95,NULL,6,4200,3540,NULL,NULL,95,NULL,NULL,NULL,'2021-01-28 16:39:36',NULL,NULL,NULL,'journaliere','DH',NULL,NULL,'En cours',NULL,73,NULL),(96,NULL,6,3900,3700,NULL,NULL,96,6,NULL,NULL,'2021-01-28 16:39:36',NULL,NULL,NULL,'journaliere','DH',NULL,NULL,'En cours',NULL,74,NULL),(97,97,6,4100,3135,NULL,NULL,97,NULL,NULL,NULL,'2021-01-28 16:39:36',NULL,NULL,NULL,'journaliere','DH',NULL,NULL,'En cours',NULL,75,NULL),(98,NULL,7,2900,2775,NULL,NULL,98,NULL,NULL,NULL,'2021-01-28 16:39:36',NULL,NULL,NULL,'journaliere','DH',NULL,NULL,'En cours',NULL,76,NULL),(99,NULL,5,4500,4020,NULL,NULL,99,NULL,NULL,NULL,'2021-01-28 16:39:36',NULL,NULL,NULL,'journaliere','DH',NULL,NULL,'En cours',NULL,77,NULL),(100,NULL,5,4500,NULL,NULL,NULL,100,NULL,NULL,NULL,'2021-01-28 16:39:36',NULL,NULL,NULL,'journaliere','DH',NULL,NULL,'En cours',NULL,77,NULL),(101,NULL,5,4500,4000,NULL,NULL,101,NULL,NULL,NULL,'2021-01-28 16:39:37',NULL,NULL,NULL,'journaliere','DH',NULL,NULL,'En cours',NULL,78,NULL),(102,NULL,5,4500,4100,NULL,NULL,102,6,NULL,NULL,'2021-01-28 16:39:37',NULL,NULL,NULL,'journaliere','DH',NULL,NULL,'En cours',NULL,78,NULL),(103,103,16,2950,NULL,NULL,NULL,114,13,NULL,NULL,'2021-01-28 16:39:37',NULL,NULL,NULL,'journaliere','DH',NULL,NULL,'En cours',NULL,79,NULL),(104,NULL,NULL,630,NULL,NULL,NULL,115,4,NULL,NULL,'2021-01-28 16:39:37',NULL,NULL,NULL,'journaliere','EURO',NULL,NULL,'En cours',NULL,NULL,NULL),(105,5,8,1200,1000,'2021-02-01 00:00:00','2021-02-01 00:00:00',90,6,NULL,NULL,'2021-02-01 11:50:29',NULL,NULL,NULL,'journaliere','DH',NULL,NULL,'En cours',NULL,10,NULL),(106,107,18,1500,1200,'2021-02-09 00:00:00','2021-02-09 00:00:00',137,18,NULL,NULL,'2021-02-09 09:22:59',NULL,NULL,NULL,'journaliere','DH',NULL,NULL,'En cours',NULL,83,NULL);
/*!40000 ALTER TABLE `mission` ENABLE KEYS */;
UNLOCK TABLES;

--
-- Table structure for table `production`
--

DROP TABLE IF EXISTS `production`;
/*!40101 SET @saved_cs_client     = @@character_set_client */;
/*!40101 SET character_set_client = utf8 */;
CREATE TABLE `production` (
  `id` int(11) NOT NULL AUTO_INCREMENT,
  `id_consultant` int(11) DEFAULT NULL,
  `id_projet` int(11) DEFAULT NULL,
  `id_client` int(11) DEFAULT NULL,
  `id_fournisseur` int(11) DEFAULT NULL,
  `tjmVente` double DEFAULT NULL,
  `tjmAchat` double DEFAULT NULL,
  `mois` double DEFAULT NULL,
  `year` double DEFAULT NULL,
  `nbjour` double DEFAULT NULL,
  `venteHT` double DEFAULT NULL,
  `venteTTC` double DEFAULT NULL,
  `achatHT` double DEFAULT NULL,
  `achatTTC` double DEFAULT NULL,
  `id_mission` int(11) DEFAULT NULL,
  `id_facture` int(11) DEFAULT NULL,
  `id_ligne` int(11) DEFAULT NULL,
  PRIMARY KEY (`id`),
  KEY `IDX_D3EDB1E0E1980276` (`id_consultant`),
  KEY `IDX_D3EDB1E076222944` (`id_projet`),
  KEY `IDX_D3EDB1E0E173B1B8` (`id_client`),
  KEY `IDX_D3EDB1E02E8C07C5` (`id_fournisseur`),
  KEY `IDX_D3EDB1E04EFA5B4C` (`id_mission`),
  KEY `IDX_D3EDB1E0201BCD60` (`id_facture`),
  KEY `IDX_D3EDB1E0B9759AB3` (`id_ligne`),
  CONSTRAINT `FK_D3EDB1E0201BCD60` FOREIGN KEY (`id_facture`) REFERENCES `facture` (`id`),
  CONSTRAINT `FK_D3EDB1E02E8C07C5` FOREIGN KEY (`id_fournisseur`) REFERENCES `fournisseur` (`id`),
  CONSTRAINT `FK_D3EDB1E04EFA5B4C` FOREIGN KEY (`id_mission`) REFERENCES `mission` (`id`),
  CONSTRAINT `FK_D3EDB1E076222944` FOREIGN KEY (`id_projet`) REFERENCES `projet` (`id`),
  CONSTRAINT `FK_D3EDB1E0B9759AB3` FOREIGN KEY (`id_ligne`) REFERENCES `ligne_facture` (`id`),
  CONSTRAINT `FK_D3EDB1E0E173B1B8` FOREIGN KEY (`id_client`) REFERENCES `client` (`id`),
  CONSTRAINT `FK_D3EDB1E0E1980276` FOREIGN KEY (`id_consultant`) REFERENCES `consultant` (`id`)
) ENGINE=InnoDB AUTO_INCREMENT=96 DEFAULT CHARSET=utf8 COLLATE=utf8_unicode_ci;
/*!40101 SET character_set_client = @saved_cs_client */;

--
-- Dumping data for table `production`
--

LOCK TABLES `production` WRITE;
/*!40000 ALTER TABLE `production` DISABLE KEYS */;
INSERT INTO `production` VALUES (1,1,1,5,1,1700,1000,1,2021,23,NULL,NULL,23000,27600,NULL,NULL,NULL),(2,6,1,5,3,1700,1500,1,2021,24,NULL,NULL,36000,43200,NULL,NULL,NULL),(3,19,1,5,15,2050,2000,1,2021,22,NULL,NULL,44000,52800,NULL,NULL,NULL),(4,3,2,14,3,1300,1000,1,2021,22,28600,34320,22000,26400,NULL,NULL,NULL),(5,18,2,14,13,2500,2000,1,2021,22,55000,66000,44000,52800,NULL,NULL,NULL),(6,17,2,14,15,1500,1000,1,2021,23,34500,41400,23000,27600,NULL,NULL,NULL),(7,90,NULL,8,6,1200,1000,1,2021,23.8,29004,34804.8,24604,29524.8,105,NULL,NULL),(8,8,NULL,10,3,2700,NULL,1,2021,23,62100,74520,0,0,8,NULL,NULL),(9,90,NULL,8,9,4700,4000,1,2021,25.4,121072,145286.4,105248,126297.6,90,NULL,NULL),(10,90,NULL,8,9,4700,4000,NULL,2021,24.3,115502.5,138603,99560,119472,90,NULL,NULL),(11,90,NULL,8,9,4700,4000,NULL,2021,24.4,116090,139308,100160,120192,90,NULL,NULL),(12,90,NULL,8,9,4700,4000,2,2021,22.3,106948.5,128338.2,93224,111868.8,90,NULL,NULL),(13,90,NULL,8,9,4700,4000,5,2021,23.7,114609.5,137531.4,101048,121257.6,90,NULL,NULL),(14,90,NULL,8,9,4700,4000,NULL,2021,22,103400,124080,88000,105600,90,NULL,NULL),(15,90,NULL,8,9,4700,4000,8,2021,25.1,121095.5,145314.6,103060,123672,90,NULL,NULL),(16,90,NULL,8,6,1200,1000,NULL,2021,25.3,30930,37116,25775,30930,105,NULL,NULL),(17,1,NULL,10,NULL,76840,NULL,2,2021,20,1536800,1844160,0,0,1,NULL,NULL),(18,37,NULL,10,3,1500,1460,1,2021,23,34500,41400,33580,40296,37,NULL,NULL),(19,3,2,14,3,1300,1000,1,2021,20,26000,31200,20000,24000,NULL,NULL,NULL),(20,18,2,14,13,2500,2000,1,2021,6,15000,18000,12000,14400,NULL,NULL,NULL),(21,17,2,14,15,1500,1000,1,2021,10,15000,18000,10000,12000,NULL,NULL,NULL),(22,3,2,14,3,1300,1000,1,2021,20,26000,31200,20000,24000,NULL,NULL,NULL),(23,18,2,14,13,2500,2000,1,2021,25,62500,75000,50000,60000,NULL,NULL,NULL),(24,17,2,14,15,1500,1000,1,2021,20,30000,36000,20000,24000,NULL,NULL,NULL),(25,1,1,5,1,1700,1000,1,2021,23,NULL,NULL,23000,27600,NULL,NULL,NULL),(26,6,1,5,3,1700,1500,1,2021,23,NULL,NULL,34500,41400,NULL,NULL,NULL),(27,19,1,5,15,2050,2000,1,2021,22,NULL,NULL,44000,52800,NULL,NULL,NULL),(28,137,NULL,18,18,1500,1200,1,2021,21,31500,37800,25200,30240,106,NULL,NULL),(29,1,3,18,2,1200,1000,1,2021,20,24000,28800,20000,24000,NULL,NULL,NULL),(30,2,3,18,4,1300,1100,1,2021,21,27300,32760,23100,27720,NULL,NULL,NULL),(31,3,3,18,7,2300,2000,1,2021,22,50600,60720,44000,52800,NULL,NULL,NULL),(32,47,NULL,1,4,2400,2205,1,2021,22,54000,64800,49612.5,59535,47,NULL,NULL),(33,1,1,5,1,1700,1000,1,2021,23,NULL,NULL,23000,27600,NULL,NULL,NULL),(34,6,1,5,3,1700,1500,1,2021,13,NULL,NULL,19500,23400,NULL,NULL,NULL),(35,19,1,5,15,2050,2000,1,2021,22,NULL,NULL,44000,52800,NULL,NULL,NULL),(36,1,1,5,1,1700,1000,1,2021,20.123,NULL,NULL,20123,24147.6,NULL,NULL,NULL),(37,6,1,5,3,1700,1500,1,2021,92.392,NULL,NULL,138588,166305.6,NULL,NULL,NULL),(38,19,1,5,15,2050,2000,1,2021,8.202,NULL,NULL,16404,19684.8,NULL,NULL,NULL),(39,36,NULL,10,4,1400,1045,2,2021,20,28000,33600,20900,25080,36,NULL,NULL),(52,1,4,5,1,1700,1000,1,2021,10,27200,32640,16000,19200,NULL,34,NULL),(53,1,4,5,1,2380,2000,1,2021,2,27200,32640,16000,19200,NULL,34,NULL),(54,2,4,5,2,1700,1000,1,2021,10,27200,32640,16000,19200,NULL,34,NULL),(55,2,4,5,2,2380,2000,1,2021,4,27200,32640,16000,19200,NULL,34,NULL),(56,3,4,5,3,1700,1000,1,2021,10,27200,32640,16000,19200,NULL,34,NULL),(57,3,4,5,3,2380,2000,1,2021,6,27200,32640,16000,19200,NULL,34,NULL),(58,1,4,5,1,1700,1000,2,2021,23,39100,46920,23000,27600,NULL,35,NULL),(59,1,4,5,1,2380,2000,2,2021,3,7140,8568,6000,7200,NULL,35,NULL),(60,2,4,5,2,1700,1000,2,2021,21,35700,42840,21000,25200,NULL,35,NULL),(61,2,4,5,2,2380,2000,2,2021,1,2380,2856,2000,2400,NULL,35,NULL),(62,3,4,5,3,1700,1000,2,2021,22,37400,44880,22000,26400,NULL,35,NULL),(63,3,4,5,3,2380,2000,2,2021,0,0,0,0,0,NULL,35,NULL),(64,38,NULL,10,13,1700,1480,2,2021,20,34000,40800,29600,35520,38,36,NULL),(65,1,4,5,1,1700,1000,3,2021,26,44200,53040,26000,31200,NULL,37,NULL),(66,1,4,5,1,2380,2000,3,2021,6,14280,17136,12000,14400,NULL,37,NULL),(67,2,4,5,2,1700,1000,3,2021,24,40800,48960,24000,28800,NULL,37,NULL),(68,2,4,5,2,2380,2000,3,2021,4,9520,11424,8000,9600,NULL,37,NULL),(69,3,4,5,3,2030,1500,3,2021,20,40600,48720,30000,36000,NULL,37,NULL),(70,3,4,5,3,2380,2000,3,2021,0,0,0,0,0,NULL,37,NULL),(71,1,4,5,1,1700,1000,4,2021,20,45900,55080,27000,32400,NULL,38,NULL),(72,1,4,5,1,2380,2000,4,2021,7,16660,19992,14000,16800,NULL,38,NULL),(73,2,4,5,2,1700,1000,4,2021,20,35700,42840,21000,25200,NULL,38,NULL),(74,2,4,5,2,2380,2000,4,2021,1,2380,2856,2000,2400,NULL,38,NULL),(75,3,4,5,3,2030,1500,4,2021,23,46690,56028,34500,41400,NULL,38,NULL),(76,3,4,5,3,2380,2000,4,2021,0,0,0,0,0,NULL,38,NULL),(83,40,NULL,10,4,1000,940,NULL,2021,19,19000,22800,17860,21432,40,41,NULL),(84,40,NULL,10,4,1000,940,4,2021,19,19000,22800,17860,21432,40,42,NULL),(85,40,NULL,10,4,1000,940,5,2021,19,19000,22800,17860,21432,40,43,NULL),(92,3,2,14,3,1300,1000,5,2021,20,26000,31200,20000,24000,NULL,45,NULL),(93,18,2,14,13,2500,2000,5,2021,6,15000,18000,12000,14400,NULL,45,NULL),(94,17,2,14,15,1300,1000,5,2021,10,13000,15600,10000,12000,NULL,45,NULL),(95,48,NULL,1,4,2300,2125,2,2021,25,57500,69000,53125,63750,48,46,NULL);
/*!40000 ALTER TABLE `production` ENABLE KEYS */;
UNLOCK TABLES;

--
-- Table structure for table `projet`
--

DROP TABLE IF EXISTS `projet`;
/*!40101 SET @saved_cs_client     = @@character_set_client */;
/*!40101 SET character_set_client = utf8 */;
CREATE TABLE `projet` (
  `id` int(11) NOT NULL AUTO_INCREMENT,
  `id_bcclient` int(11) DEFAULT NULL,
  `nom` varchar(255) COLLATE utf8_unicode_ci DEFAULT NULL,
  `statut` varchar(255) COLLATE utf8_unicode_ci DEFAULT NULL,
  `dateDebut` datetime DEFAULT NULL,
  `dateFin` datetime DEFAULT NULL,
  `updated_at` datetime DEFAULT NULL,
  `date_ceation` datetime DEFAULT NULL,
  `id_client` int(11) DEFAULT NULL,
  PRIMARY KEY (`id`),
  KEY `IDX_50159CA96BEF67B4` (`id_bcclient`),
  KEY `IDX_50159CA9E173B1B8` (`id_client`),
  CONSTRAINT `FK_50159CA96BEF67B4` FOREIGN KEY (`id_bcclient`) REFERENCES `bcclient` (`id`),
  CONSTRAINT `FK_50159CA9E173B1B8` FOREIGN KEY (`id_client`) REFERENCES `client` (`id`)
) ENGINE=InnoDB AUTO_INCREMENT=5 DEFAULT CHARSET=utf8 COLLATE=utf8_unicode_ci;
/*!40101 SET character_set_client = @saved_cs_client */;

--
-- Dumping data for table `projet`
--

LOCK TABLES `projet` WRITE;
/*!40000 ALTER TABLE `projet` DISABLE KEYS */;
INSERT INTO `projet` VALUES (1,NULL,'projet orange',NULL,'2021-02-01 00:00:00','2021-02-01 00:00:00','2021-02-01 10:03:44','2021-02-01 10:03:44',5),(2,NULL,'PCS Projet',NULL,'2021-02-01 00:00:00','2021-02-01 00:00:00','2021-02-01 11:47:34','2021-02-01 11:47:34',14),(3,NULL,'projet test',NULL,'2021-02-09 00:00:00','2021-02-09 00:00:00','2021-02-09 09:43:46','2021-02-09 09:43:46',18),(4,NULL,'projet orange test',NULL,'2021-03-03 00:00:00','2021-03-03 00:00:00','2021-03-03 09:29:17','2021-03-03 09:29:17',5);
/*!40000 ALTER TABLE `projet` ENABLE KEYS */;
UNLOCK TABLES;

--
-- Table structure for table `projetconsultant`
--

DROP TABLE IF EXISTS `projetconsultant`;
/*!40101 SET @saved_cs_client     = @@character_set_client */;
/*!40101 SET character_set_client = utf8 */;
CREATE TABLE `projetconsultant` (
  `id` int(11) NOT NULL AUTO_INCREMENT,
  `id_consultant` int(11) DEFAULT NULL,
  `id_projet` int(11) DEFAULT NULL,
  `titre` varchar(255) COLLATE utf8_unicode_ci DEFAULT NULL,
  `id_fournisseur` int(11) DEFAULT NULL,
  `achat` double DEFAULT NULL,
  `vente` double DEFAULT NULL,
  `id_bcclient` int(11) DEFAULT NULL,
  `id_job` int(11) DEFAULT NULL,
  PRIMARY KEY (`id`),
  KEY `IDX_2A70C468E1980276` (`id_consultant`),
  KEY `IDX_2A70C46876222944` (`id_projet`),
  KEY `IDX_2A70C4682E8C07C5` (`id_fournisseur`),
  KEY `IDX_2A70C4686BEF67B4` (`id_bcclient`),
  KEY `IDX_2A70C468657C08A2` (`id_job`),
  CONSTRAINT `FK_2A70C4682E8C07C5` FOREIGN KEY (`id_fournisseur`) REFERENCES `fournisseur` (`id`),
  CONSTRAINT `FK_2A70C468657C08A2` FOREIGN KEY (`id_job`) REFERENCES `job` (`id`),
  CONSTRAINT `FK_2A70C4686BEF67B4` FOREIGN KEY (`id_bcclient`) REFERENCES `bcclient` (`id`),
  CONSTRAINT `FK_2A70C46876222944` FOREIGN KEY (`id_projet`) REFERENCES `projet` (`id`),
  CONSTRAINT `FK_2A70C468E1980276` FOREIGN KEY (`id_consultant`) REFERENCES `consultant` (`id`)
) ENGINE=InnoDB AUTO_INCREMENT=17 DEFAULT CHARSET=utf8 COLLATE=utf8_unicode_ci;
/*!40101 SET character_set_client = @saved_cs_client */;

--
-- Dumping data for table `projetconsultant`
--

LOCK TABLES `projetconsultant` WRITE;
/*!40000 ALTER TABLE `projetconsultant` DISABLE KEYS */;
INSERT INTO `projetconsultant` VALUES (1,1,1,NULL,1,1000,1700,102,80),(2,NULL,1,NULL,NULL,2000,2380,NULL,81),(3,6,1,NULL,3,1500,1700,101,80),(4,19,1,NULL,15,2000,2050,102,82),(5,3,2,NULL,3,1000,1300,2,1),(6,18,2,NULL,13,2000,2500,15,1),(7,17,2,NULL,15,1000,1300,19,19),(8,1,3,NULL,2,1000,1200,1,83),(9,2,3,NULL,4,1100,1300,2,1),(10,3,3,NULL,7,2000,2300,3,5),(11,1,4,NULL,1,1000,1700,1,80),(12,1,4,NULL,1,2000,2380,1,81),(13,2,4,NULL,2,1000,1700,2,80),(14,2,4,NULL,2,2000,2380,2,81),(15,3,4,NULL,3,1500,2030,3,82),(16,3,4,NULL,3,2000,2380,3,81);
/*!40000 ALTER TABLE `projetconsultant` ENABLE KEYS */;
UNLOCK TABLES;

--
-- Table structure for table `virement`
--

DROP TABLE IF EXISTS `virement`;
/*!40101 SET @saved_cs_client     = @@character_set_client */;
/*!40101 SET character_set_client = utf8 */;
CREATE TABLE `virement` (
  `id` int(11) NOT NULL AUTO_INCREMENT,
  `date` date DEFAULT NULL,
  `etat` varchar(255) COLLATE utf8_unicode_ci DEFAULT NULL,
  `id_bcfournisseur` int(11) DEFAULT NULL,
  `code` varchar(255) COLLATE utf8_unicode_ci DEFAULT NULL,
  `achatTTC` double DEFAULT NULL,
  `id_consultant` int(11) DEFAULT NULL,
  `id_facturefournisseur` int(11) DEFAULT NULL,
  `id_virementf` int(11) DEFAULT NULL,
  PRIMARY KEY (`id`),
  KEY `IDX_2D4DCFA6DD263DD4` (`id_bcfournisseur`),
  KEY `IDX_2D4DCFA6E1980276` (`id_consultant`),
  KEY `IDX_2D4DCFA63CE867E1` (`id_facturefournisseur`),
  KEY `IDX_2D4DCFA6C97EDCD5` (`id_virementf`),
  CONSTRAINT `FK_2D4DCFA63CE867E1` FOREIGN KEY (`id_facturefournisseur`) REFERENCES `facture_fournisseur` (`id`),
  CONSTRAINT `FK_2D4DCFA6C97EDCD5` FOREIGN KEY (`id_virementf`) REFERENCES `virementf` (`id`),
  CONSTRAINT `FK_2D4DCFA6DD263DD4` FOREIGN KEY (`id_bcfournisseur`) REFERENCES `bcfournisseur` (`id`),
  CONSTRAINT `FK_2D4DCFA6E1980276` FOREIGN KEY (`id_consultant`) REFERENCES `consultant` (`id`)
) ENGINE=InnoDB AUTO_INCREMENT=15 DEFAULT CHARSET=utf8 COLLATE=utf8_unicode_ci;
/*!40101 SET character_set_client = @saved_cs_client */;

--
-- Dumping data for table `virement`
--

LOCK TABLES `virement` WRITE;
/*!40000 ALTER TABLE `virement` DISABLE KEYS */;
INSERT INTO `virement` VALUES (5,'2021-02-05','executé',2,NULL,43200,6,2,1),(6,'2021-02-05','executé',3,NULL,52800,19,3,1),(7,'2021-02-05','executé',6,NULL,27600,17,6,2),(8,'2021-02-05','executé',7,NULL,32649.6,90,7,2),(9,'2021-02-09','executé',27,NULL,52800,19,27,3),(10,'2021-02-09','executé',28,NULL,30240,137,28,3),(11,'2021-03-02','validé',4,NULL,26400,3,4,NULL),(12,'2021-03-02','validé',5,NULL,52800,18,5,NULL),(13,'2021-03-02','validé',8,NULL,0,8,8,NULL),(14,'2021-03-02','validé',9,NULL,142195.2,90,9,NULL);
/*!40000 ALTER TABLE `virement` ENABLE KEYS */;
UNLOCK TABLES;

--
-- Table structure for table `virementf`
--

DROP TABLE IF EXISTS `virementf`;
/*!40101 SET @saved_cs_client     = @@character_set_client */;
/*!40101 SET character_set_client = utf8 */;
CREATE TABLE `virementf` (
  `id` int(11) NOT NULL AUTO_INCREMENT,
  `numero` varchar(255) COLLATE utf8_unicode_ci DEFAULT NULL,
  `date` datetime DEFAULT NULL,
  PRIMARY KEY (`id`)
) ENGINE=InnoDB AUTO_INCREMENT=4 DEFAULT CHARSET=utf8 COLLATE=utf8_unicode_ci;
/*!40101 SET character_set_client = @saved_cs_client */;

--
-- Dumping data for table `virementf`
--

LOCK TABLES `virementf` WRITE;
/*!40000 ALTER TABLE `virementf` DISABLE KEYS */;
INSERT INTO `virementf` VALUES (1,NULL,'2021-02-05 13:23:27'),(2,NULL,'2021-02-05 13:25:15'),(3,NULL,'2021-02-09 09:32:48');
/*!40000 ALTER TABLE `virementf` ENABLE KEYS */;
UNLOCK TABLES;
/*!40103 SET TIME_ZONE=@OLD_TIME_ZONE */;

/*!40101 SET SQL_MODE=@OLD_SQL_MODE */;
/*!40014 SET FOREIGN_KEY_CHECKS=@OLD_FOREIGN_KEY_CHECKS */;
/*!40014 SET UNIQUE_CHECKS=@OLD_UNIQUE_CHECKS */;
/*!40101 SET CHARACTER_SET_CLIENT=@OLD_CHARACTER_SET_CLIENT */;
/*!40101 SET CHARACTER_SET_RESULTS=@OLD_CHARACTER_SET_RESULTS */;
/*!40101 SET COLLATION_CONNECTION=@OLD_COLLATION_CONNECTION */;
/*!40111 SET SQL_NOTES=@OLD_SQL_NOTES */;

-- Dump completed on 2021-03-26 12:54:13
